# Host: localhost  (Version: 5.5.53)
# Date: 2020-02-18 09:30:37
# Generator: MySQL-Front 5.3  (Build 4.234)

/*!40101 SET NAMES utf8 */;

#
# Structure for table "ai_admin"
#

DROP TABLE IF EXISTS `ai_admin`;
CREATE TABLE `ai_admin` (
  `id` int(11) NOT NULL AUTO_INCREMENT,
  `title` varchar(255) DEFAULT NULL,
  `created` datetime NOT NULL,
  `updated` datetime DEFAULT NULL,
  `username` varchar(32) NOT NULL,
  `email` varchar(255) DEFAULT NULL,
  `password_hash` varchar(128) DEFAULT NULL,
  `nickname` varchar(32) DEFAULT NULL,
  `last_login_time` datetime DEFAULT NULL,
  `last_login_ip` varchar(32) DEFAULT NULL,
  `current_login_ip` varchar(32) DEFAULT NULL,
  `current_login_time` datetime DEFAULT NULL,
  `login_failure` int(11) NOT NULL,
  `avatar` varchar(255) DEFAULT NULL,
  `lang` varchar(10) NOT NULL,
  `uid` int(11) NOT NULL,
  `pid` int(11) NOT NULL,
  `weight` int(11) NOT NULL,
  `status` tinyint(1) NOT NULL,
  `locked` tinyint(1) NOT NULL,
  PRIMARY KEY (`id`),
  UNIQUE KEY `ix_ai_admin_username` (`username`),
  UNIQUE KEY `email` (`email`),
  KEY `ix_ai_admin_lang` (`lang`),
  KEY `ix_ai_admin_uid` (`uid`),
  KEY `ix_ai_admin_weight` (`weight`),
  KEY `ix_ai_admin_status` (`status`)
) ENGINE=MyISAM AUTO_INCREMENT=49 DEFAULT CHARSET=utf8;

#
# Data for table "ai_admin"
#

/*!40000 ALTER TABLE `ai_admin` DISABLE KEYS */;
INSERT INTO `ai_admin` VALUES (1,'天道酬勤','2019-04-20 01:45:45','2020-02-02 03:22:38','admin','703264459@qq.com','pbkdf2:sha256:50000$8K04vbhK$9b7b92c0340e9b702091cb344a81d9d85f833f8ee76eb7032cc9a668ecb2fc90','BaoAI',NULL,NULL,NULL,NULL,0,'2020/01/02/e4a77d02199947d4b0066aa9bd4e8b57.jpg','all',1,0,0,1,1),(2,NULL,'2019-04-20 01:46:08','2019-05-12 02:51:17','guest','guest@guest.com','pbkdf2:sha256:50000$1ELsscgV$7468706e0aa84a51f99d501f825de3328b57f55741d99b7936a332ab28bd62e1','Guest',NULL,NULL,NULL,NULL,0,NULL,'all',0,0,0,1,0),(35,'努力奋斗','2019-05-05 14:46:28','2020-02-14 09:48:26','test','test@baoai.co','pbkdf2:sha256:50000$BRMGta3d$c7d61025d31de0bd5e16128edba63afc6a9bc4fb74c6b18c217c602b6d3c2bb5','测试账号',NULL,NULL,NULL,NULL,0,'2020/02/14/4fcc3b62d0f94421b56226a691eeb2fd.png','all',35,0,0,1,0);
/*!40000 ALTER TABLE `ai_admin` ENABLE KEYS */;

#
# Structure for table "ai_adminroles"
#

DROP TABLE IF EXISTS `ai_adminroles`;
CREATE TABLE `ai_adminroles` (
  `id` int(11) NOT NULL AUTO_INCREMENT,
  `title` varchar(255) DEFAULT NULL,
  `created` datetime NOT NULL,
  `updated` datetime DEFAULT NULL,
  `uid` int(11) NOT NULL,
  `rid` int(11) NOT NULL,
  `lang` varchar(10) NOT NULL,
  `pid` int(11) NOT NULL,
  `weight` int(11) NOT NULL,
  `status` tinyint(1) NOT NULL,
  PRIMARY KEY (`id`),
  UNIQUE KEY `uix_admin_roles_uid_rid` (`uid`,`rid`),
  KEY `ix_ai_adminroles_lang` (`lang`),
  KEY `ix_ai_adminroles_weight` (`weight`),
  KEY `ix_ai_adminroles_status` (`status`)
) ENGINE=MyISAM AUTO_INCREMENT=216 DEFAULT CHARSET=utf8;

#
# Data for table "ai_adminroles"
#

/*!40000 ALTER TABLE `ai_adminroles` DISABLE KEYS */;
INSERT INTO `ai_adminroles` VALUES (112,NULL,'2019-04-27 09:00:01',NULL,25,1,'',0,0,1),(113,NULL,'2019-04-27 09:00:01',NULL,25,3,'',0,0,1),(114,NULL,'2019-04-27 09:00:01',NULL,25,2,'',0,0,1),(115,NULL,'2019-04-27 09:00:01',NULL,25,4,'',0,0,1),(116,NULL,'2019-04-27 09:00:01',NULL,25,5,'',0,0,1),(117,NULL,'2019-04-27 09:00:01',NULL,25,6,'',0,0,1),(118,NULL,'2019-04-27 09:00:01',NULL,25,8,'',0,0,1),(119,NULL,'2019-04-27 09:00:01',NULL,25,7,'',0,0,1),(130,NULL,'2019-06-27 18:17:21',NULL,34,1,'all',0,0,1),(132,NULL,'2019-06-28 10:17:33',NULL,5,1,'all',0,0,1),(133,NULL,'2019-06-28 10:17:33',NULL,5,17,'all',0,0,1),(136,NULL,'2019-06-28 10:17:50',NULL,38,1,'all',0,0,1),(137,NULL,'2019-06-28 10:17:50',NULL,39,1,'all',0,0,1),(138,NULL,'2019-06-28 10:17:50',NULL,38,17,'all',0,0,1),(139,NULL,'2019-06-28 10:17:50',NULL,39,17,'all',0,0,1),(158,NULL,'2019-06-28 14:36:25',NULL,48,2,'all',0,0,1),(159,NULL,'2019-06-28 14:36:25',NULL,48,1,'all',0,0,1),(162,NULL,'2019-06-28 14:36:59',NULL,47,1,'all',0,0,1),(163,NULL,'2019-06-28 14:36:59',NULL,47,17,'all',0,0,1),(176,NULL,'2019-06-28 15:02:22',NULL,43,2,'all',0,0,1),(177,NULL,'2019-06-28 15:02:22',NULL,44,2,'all',0,0,1),(178,NULL,'2019-06-28 15:02:22',NULL,43,18,'all',0,0,1),(179,NULL,'2019-06-28 15:02:22',NULL,44,18,'all',0,0,1),(180,NULL,'2019-06-28 15:02:22',NULL,43,36,'all',0,0,1),(181,NULL,'2019-06-28 15:02:22',NULL,44,36,'all',0,0,1),(182,NULL,'2019-06-28 15:02:22',NULL,43,28,'all',0,0,1),(183,NULL,'2019-06-28 15:02:22',NULL,44,28,'all',0,0,1),(184,NULL,'2019-06-28 15:02:22',NULL,43,29,'all',0,0,1),(185,NULL,'2019-06-28 15:02:22',NULL,44,29,'all',0,0,1),(186,NULL,'2019-06-28 15:02:22',NULL,43,32,'all',0,0,1),(187,NULL,'2019-06-28 15:02:22',NULL,44,32,'all',0,0,1),(188,NULL,'2019-06-28 15:02:22',NULL,43,31,'all',0,0,1),(189,NULL,'2019-06-28 15:02:22',NULL,44,31,'all',0,0,1),(190,NULL,'2019-06-28 15:02:22',NULL,43,37,'all',0,0,1),(191,NULL,'2019-06-28 15:02:22',NULL,44,37,'all',0,0,1),(192,NULL,'2019-06-28 15:02:22',NULL,43,38,'all',0,0,1),(193,NULL,'2019-06-28 15:02:22',NULL,44,38,'all',0,0,1),(194,NULL,'2019-06-28 15:02:22',NULL,43,35,'all',0,0,1),(195,NULL,'2019-06-28 15:02:22',NULL,44,35,'all',0,0,1),(196,NULL,'2019-06-28 15:02:22',NULL,43,25,'all',0,0,1),(197,NULL,'2019-06-28 15:02:22',NULL,44,25,'all',0,0,1),(198,NULL,'2019-06-28 15:02:22',NULL,43,33,'all',0,0,1),(199,NULL,'2019-06-28 15:02:22',NULL,44,33,'all',0,0,1),(200,NULL,'2019-07-14 17:10:56',NULL,8,17,'all',0,0,1),(205,NULL,'2019-11-04 13:41:15',NULL,1,1,'all',0,0,1),(206,NULL,'2019-11-04 13:41:26',NULL,2,17,'all',0,0,1),(207,NULL,'2020-01-01 09:41:38',NULL,42,37,'all',0,0,1),(208,NULL,'2020-01-01 09:41:38',NULL,42,17,'all',0,0,1),(209,NULL,'2020-01-01 09:41:38',NULL,42,18,'all',0,0,1),(212,NULL,'2020-01-14 02:03:07',NULL,37,37,'all',0,0,1),(213,NULL,'2020-01-14 02:03:07',NULL,37,18,'all',0,0,1),(214,NULL,'2020-02-06 02:15:29',NULL,6,1,'all',0,0,1),(215,NULL,'2020-02-06 02:17:03',NULL,35,2,'all',0,0,1);
/*!40000 ALTER TABLE `ai_adminroles` ENABLE KEYS */;

#
# Structure for table "ai_attachments"
#

DROP TABLE IF EXISTS `ai_attachments`;
CREATE TABLE `ai_attachments` (
  `id` int(11) NOT NULL AUTO_INCREMENT,
  `title` varchar(255) DEFAULT NULL,
  `created` datetime NOT NULL,
  `updated` datetime DEFAULT NULL,
  `admin_id` int(11) NOT NULL,
  `user_id` int(11) NOT NULL,
  `url` varchar(255) NOT NULL,
  `uuid` varchar(100) NOT NULL,
  `imagewidth` varchar(30) NOT NULL DEFAULT '0',
  `imageheight` varchar(30) NOT NULL DEFAULT '0',
  `imagetype` varchar(30) DEFAULT NULL,
  `imageframes` int(11) NOT NULL,
  `filesize` int(11) NOT NULL,
  `mimetype` varchar(100) DEFAULT NULL,
  `extparam` varchar(255) DEFAULT NULL,
  `storage` varchar(100) NOT NULL DEFAULT 'local',
  `sha1` varchar(40) DEFAULT NULL,
  `md5` varchar(40) DEFAULT NULL,
  `lang` varchar(10) NOT NULL,
  `isimage` tinyint(1) NOT NULL,
  `module_name` varchar(100) NOT NULL,
  `module_obj_id` int(11) NOT NULL,
  `iscover` tinyint(1) NOT NULL,
  `weight` int(11) NOT NULL,
  `uid` int(11) NOT NULL,
  `pid` int(11) NOT NULL,
  `status` tinyint(1) NOT NULL,
  `category_id` int(11) NOT NULL,
  `category_main` varchar(100) NOT NULL,
  `category_sub` varchar(100) NOT NULL,
  PRIMARY KEY (`id`),
  KEY `ix_ai_attachments_lang` (`lang`),
  KEY `ix_ai_attachments_uid` (`uid`),
  KEY `ix_ai_attachments_status` (`status`),
  KEY `ix_ai_attachments_category_main` (`category_main`),
  KEY `ix_ai_attachments_category_sub` (`category_sub`)
) ENGINE=MyISAM AUTO_INCREMENT=667 DEFAULT CHARSET=utf8;

#
# Data for table "ai_attachments"
#

/*!40000 ALTER TABLE `ai_attachments` DISABLE KEYS */;
INSERT INTO `ai_attachments` VALUES (395,'avatar.png','2020-01-03 02:32:33','2020-01-03 02:33:30',1,0,'2020/01/03/eff0930192824964b3dbc0a716c8c5a9.png','eff0930192824964b3dbc0a716c8c5a9','0','0','png',0,15135,'application/octet-stream',NULL,'local',NULL,'123456','all',1,'attachments',0,0,0,0,0,1,11,'uncategorized','uncategorized');
/*!40000 ALTER TABLE `ai_attachments` ENABLE KEYS */;

#
# Structure for table "ai_category"
#

DROP TABLE IF EXISTS `ai_category`;
CREATE TABLE `ai_category` (
  `id` int(11) NOT NULL AUTO_INCREMENT,
  `created` datetime NOT NULL,
  `updated` datetime DEFAULT NULL,
  `status` tinyint(1) NOT NULL,
  `weight` int(11) NOT NULL,
  `lang` varchar(10) NOT NULL,
  `uid` int(11) NOT NULL,
  `title` varchar(255) NOT NULL,
  `alias` varchar(100) DEFAULT '',
  `keywords` varchar(255) DEFAULT NULL,
  `content` text,
  `link` varchar(255) DEFAULT NULL,
  `treepath` varchar(255) DEFAULT NULL,
  `treegrade` int(11) DEFAULT NULL,
  `treepathweight` varchar(255) DEFAULT NULL,
  `pid` int(11) NOT NULL,
  `articles` int(11) DEFAULT NULL,
  `article_link` int(11) DEFAULT NULL,
  `block_link` int(11) DEFAULT NULL,
  `inner_link` int(11) DEFAULT NULL,
  `ismenu` tinyint(1) DEFAULT NULL,
  `link_target` varchar(255) DEFAULT NULL,
  `route_link` varchar(255) DEFAULT NULL,
  `link_type` varchar(30) DEFAULT NULL,
  `summary` text,
  `cover` varchar(255) DEFAULT NULL,
  `views` int(11) DEFAULT NULL,
  PRIMARY KEY (`id`),
  KEY `ix_ai_category_lang` (`lang`),
  KEY `ix_ai_category_status` (`status`),
  KEY `ix_ai_category_title` (`title`),
  KEY `ix_ai_category_uid` (`uid`),
  KEY `ix_ai_category_weight` (`weight`),
  KEY `ix_ai_category_pid` (`pid`)
) ENGINE=MyISAM AUTO_INCREMENT=98 DEFAULT CHARSET=utf8;

#
# Data for table "ai_category"
#

/*!40000 ALTER TABLE `ai_category` DISABLE KEYS */;
INSERT INTO `ai_category` VALUES (1,'2019-08-05 15:59:14','2019-08-05 16:37:15',1,800000,'all',1,'News','news',NULL,NULL,NULL,'.1.',1,'.9999199999.0000000001.',0,NULL,NULL,NULL,NULL,1,NULL,NULL,'',NULL,NULL,NULL),(2,'2019-08-05 16:38:48','2019-11-30 07:18:12',1,70000,'zh-cn',1,'论坛','forum',NULL,NULL,NULL,'.2.',1,'.9999929999.0000000002.',0,NULL,NULL,NULL,NULL,NULL,NULL,NULL,NULL,NULL,NULL,2),(3,'2019-08-05 16:44:31','2019-08-05 16:44:31',1,60000,'zh-cn',1,'博客','blog',NULL,NULL,NULL,'.3.',1,'.9999939999.0000000003.',0,NULL,NULL,NULL,NULL,NULL,NULL,NULL,NULL,NULL,NULL,NULL),(4,'2019-08-05 16:51:38','2019-08-05 16:51:38',1,90000,'zh-cn',1,'商品','product',NULL,NULL,NULL,'.4.',1,'.9999909999.0000000004.',0,NULL,NULL,NULL,NULL,NULL,NULL,NULL,NULL,NULL,NULL,NULL),(5,'2019-08-05 18:06:17','2019-08-05 18:06:17',1,59000,'zh-cn',1,'幻灯片','slide',NULL,NULL,NULL,'.5.',1,'.9999940999.0000000005.',0,NULL,NULL,NULL,NULL,NULL,NULL,NULL,NULL,NULL,NULL,NULL),(6,'2019-08-05 18:10:56','2019-09-09 14:32:10',1,190000,'all',1,'书','books',NULL,NULL,NULL,'.6.',1,'.9999809999.0000000006.',0,NULL,NULL,NULL,0,1,NULL,NULL,NULL,NULL,NULL,NULL),(8,'2019-08-10 10:34:35','2020-01-03 06:35:17',1,10000,'all',1,'Image','image',NULL,NULL,NULL,'.11.8.',2,'.9999869999.0000000011.9999989999.0000000008.',11,NULL,NULL,NULL,NULL,NULL,NULL,NULL,NULL,NULL,NULL,6),(9,'2019-08-10 10:35:48','2020-02-10 21:49:25',1,1000,'all',1,'Person','person',NULL,NULL,NULL,'.11.8.9.',3,'.9999869999.0000000011.9999989999.0000000008.9999998999.0000000009.',8,NULL,NULL,NULL,NULL,NULL,NULL,NULL,NULL,NULL,NULL,3),(10,'2019-08-10 10:36:24','2020-02-10 21:15:27',1,990,'all',1,'Nature','nature',NULL,NULL,NULL,'.11.8.10.',3,'.9999869999.0000000011.9999989999.0000000008.9999999009.0000000010.',8,NULL,NULL,NULL,NULL,NULL,NULL,NULL,NULL,NULL,NULL,3),(11,'2019-08-10 13:39:59','2019-08-10 13:39:59',1,130000,'all',1,'Attachments','attachments',NULL,NULL,NULL,'.11.',1,'.9999869999.0000000011.',0,NULL,NULL,NULL,NULL,NULL,NULL,NULL,NULL,NULL,NULL,NULL),(12,'2019-09-09 13:54:20','2019-12-11 03:36:51',1,100000,'zh-cn',1,'BaoAI 金融数据采集系统','finance_data',NULL,'<h4>常用金融数据采集第三方接口及功能和使用</h4>\n',NULL,'.6.12.',2,'.9999809999.0000000006.9999899999.0000000012.',6,NULL,NULL,NULL,0,1,NULL,NULL,NULL,'<p>常用金融数据采集</p>\n','2019/09/19/63991621818c42f48394d4a76161b767.png',16),(13,'2019-09-10 16:12:49','2019-09-10 16:12:49',1,50000,'zh-cn',1,'Navigation','navigation','navigation',NULL,NULL,'.13.',1,'.9999949999.0000000013.',0,NULL,NULL,NULL,NULL,NULL,NULL,NULL,NULL,NULL,NULL,NULL),(14,'2019-09-10 16:15:09','2019-09-10 16:15:09',1,2000,'zh-cn',1,'内容','index_news',NULL,'',NULL,'.13.14.',2,'.9999949999.0000000013.9999997999.0000000014.',13,NULL,NULL,NULL,0,1,NULL,NULL,NULL,'',NULL,NULL),(15,'2019-09-10 16:17:22','2019-09-10 16:17:22',1,1000,'zh-cn',1,'BaoAI 新闻','news_nav','BaoAI 新闻','<p>BaoAI 新闻</p>\n',NULL,'.13.14.15.',3,'.9999949999.0000000013.9999997999.0000000014.9999998999.0000000015.',14,NULL,NULL,9,0,0,NULL,NULL,'Block Link','<p>BaoAI 新闻</p>\n',NULL,NULL),(16,'2019-09-10 16:17:53','2019-09-10 16:17:53',0,990,'zh-cn',1,'AI','ai_nav',NULL,'',NULL,'.13.14.16.',3,'.9999949999.0000000013.9999997999.0000000014.9999999009.0000000016.',14,NULL,NULL,4,0,NULL,NULL,NULL,'Block Link','',NULL,NULL),(17,'2019-09-10 16:18:35','2019-09-10 16:18:35',0,980,'zh-cn',1,'Quant','quant_nav',NULL,'<p>ttttttt</p>\n',NULL,'.13.14.17.',3,'.9999949999.0000000013.9999997999.0000000014.9999999019.0000000017.',14,NULL,NULL,NULL,19,0,NULL,NULL,'Inner Link','<p>tt</p>\n',NULL,NULL),(18,'2019-09-10 16:25:30','2020-01-31 15:27:24',1,9000,'zh-cn',1,'AI','ai',NULL,'<p>sdfsdfffffffffffffff</p>\n',NULL,'.1.18.',2,'.9999199999.0000000001.9999990999.0000000018.',1,NULL,NULL,NULL,NULL,NULL,NULL,NULL,NULL,'<p>werwfsdf</p>\n',NULL,81),(19,'2019-09-10 16:26:24','2020-01-05 08:15:57',1,0,'zh-cn',1,'量化','quant',NULL,'',NULL,'.1.19.',2,'.9999199999.0000000001.9999999999.0000000019.',1,NULL,NULL,NULL,NULL,NULL,NULL,NULL,NULL,'',NULL,4),(20,'2019-09-13 13:49:00','2019-09-13 13:49:01',1,1000,'all',1,'Index Slide','index_slide',NULL,NULL,NULL,'.5.20.',2,'.9999940999.0000000005.9999998999.0000000020.',5,NULL,NULL,NULL,0,1,'_blank',NULL,NULL,NULL,NULL,NULL),(21,'2019-09-13 15:21:58','2019-09-13 16:06:08',1,10,'all',1,'first','first_slide',NULL,'',NULL,'.5.20.21.',3,'.9999940999.0000000005.9999998999.0000000020.9999999989.0000000021.',20,NULL,NULL,NULL,7,0,'',NULL,'','','2020/01/13/d53efde032e3497aae1ed4fbe36bcf92.jpg',NULL),(22,'2019-09-13 16:05:21','2019-11-30 06:59:44',1,8,'all',1,'second slide',NULL,NULL,'','http://www.baidu.com','.5.20.22.',3,'.9999940999.0000000005.9999998999.0000000020.9999999991.0000000022.',20,NULL,NULL,NULL,0,0,'_blank','web.quant','Route Link','','2020/01/13/1982ad2eb1a843d3b1450dcf42d6fc5d.jpg',1),(28,'2019-09-16 06:46:50','2020-01-14 01:59:24',1,80000,'zh-cn',1,'Pandas','pandas',NULL,'<p>从盘面上看，分散染料、油服、燃气水务居板块涨幅榜前列，融媒体、数字中国、计算机设备板块跌幅榜前列。</p>\n',NULL,'.6.28.',2,'.9999809999.0000000006.9999919999.0000000028.',6,NULL,NULL,NULL,0,1,'_blank',NULL,NULL,'<p>从盘面上看，分散染料、油服、燃气水务居板块涨幅榜前列，融媒体、数字中国、计算机设备板块跌幅榜前列。</p>\n','2019/09/19/8875b3cc99664cd0946ed883b56e2823.png',3),(29,'2019-09-16 06:53:47','2019-11-14 02:12:09',1,0,'zh-cn',1,'使用',NULL,NULL,'<p>test2</p>\n',NULL,'.6.28.29.',3,'.9999809999.0000000006.9999919999.0000000028.9999999999.0000000029.',28,NULL,NULL,NULL,0,1,'_blank',NULL,NULL,'<p>test1</p>\n',NULL,NULL),(33,'2019-09-18 12:46:53','2019-09-18 12:48:19',1,1000,'zh-cn',1,'手册','books_nav',NULL,'',NULL,'.13.33.',2,'.9999949999.0000000013.9999998999.0000000033.',13,NULL,NULL,NULL,0,0,'_blank','web.books','Route Link','',NULL,NULL),(39,'2019-09-19 03:25:09','2019-09-19 03:25:09',1,0,'zh-cn',1,'量化系统','web_quant',NULL,'<p>量化系统</p>\n','','.13.39.',2,'.9999949999.0000000013.9999999999.0000000039.',13,NULL,NULL,NULL,0,0,'_blank','web.quant','Route Link','<p>量化系统</p>\n',NULL,NULL),(40,'2019-09-19 07:41:40','2019-09-19 07:41:40',1,0,'zh-cn',1,'关于我们',NULL,NULL,'',NULL,'.13.14.40.',3,'.9999949999.0000000013.9999997999.0000000014.9999999999.0000000040.',14,NULL,81,NULL,0,0,'_blank',NULL,'Article Link','',NULL,NULL),(41,'2019-09-19 07:51:49','2019-09-19 07:51:49',1,985,'zh-cn',1,'divider1',NULL,NULL,'',NULL,'.13.14.41.',3,'.9999949999.0000000013.9999997999.0000000014.9999999014.0000000041.',14,NULL,NULL,NULL,0,0,'_blank',NULL,'Divider','',NULL,NULL),(44,'2019-09-22 02:26:12','2019-09-22 02:26:12',1,10000,'zh-cn',1,'Python','python','python','<p>Python基础、语法、常用功能。</p>\n',NULL,'.6.44.',2,'.9999809999.0000000006.9999989999.0000000044.',6,NULL,NULL,NULL,0,1,'_blank',NULL,NULL,'<p>Python基础、语法、常用功能。</p>\n','2019/09/22/85c27566fde041a4a24bfdc18ff40c35.png',NULL),(45,'2019-09-22 02:31:40','2019-09-22 02:31:40',1,1000,'zh-cn',1,'Python使用',NULL,'Python使用','<p>Python常用功能使用</p>\n',NULL,'.6.44.45.',3,'.9999809999.0000000006.9999989999.0000000044.9999998999.0000000045.',44,NULL,NULL,NULL,0,1,'_blank',NULL,NULL,'<p>Python使用</p>\n',NULL,NULL),(46,'2019-09-22 03:47:55','2020-02-06 09:23:17',1,102000,'zh-cn',1,'BaoAI Front 前端开发手册','baoai_front','BaoAI Front BaoAI前端','<p>BaoAI前端开发中文手册</p>\n',NULL,'.6.46.',2,'.9999809999.0000000006.9999897999.0000000046.',6,NULL,NULL,NULL,0,1,'_blank',NULL,NULL,'<p>BaoAI前端开发中文手册</p>\n',NULL,12),(47,'2019-09-22 03:50:27','2019-11-14 02:12:10',1,1000,'zh-cn',1,'手册Book',NULL,'手册 Book','<p>手册</p>\n',NULL,'.6.46.47.',3,'.9999809999.0000000006.9999897999.0000000046.9999998999.0000000047.',46,NULL,NULL,NULL,0,1,'_blank',NULL,NULL,'<p>手册</p>\n',NULL,NULL),(48,'2019-09-22 15:14:49','2020-02-06 09:23:43',1,101000,'zh-cn',1,'BaoAI Backend 后端开发手册','baoai_backend','BaoAI Backend 小宝人工智能 后端开发','<p>BaoAI Backend 小宝人工智能后端开发</p>\n',NULL,'.6.48.',2,'.9999809999.0000000006.9999898999.0000000048.',6,NULL,NULL,NULL,0,1,'_blank',NULL,NULL,'<p>BaoAI Backend 小宝人工智能后端开发</p>\n',NULL,24),(49,'2019-09-22 15:17:17','2020-02-01 03:15:01',1,1000,'zh-cn',1,'开发环境建立',NULL,'开发环境建立','<p>开发环境建立</p>\n',NULL,'.6.48.49.',3,'.9999809999.0000000006.9999898999.0000000048.9999998999.0000000049.',48,NULL,NULL,NULL,0,1,'_blank',NULL,NULL,'<p>开发环境建立</p>\n',NULL,1),(50,'2019-09-23 02:29:41','2020-02-10 15:36:29',1,103000,'zh-cn',1,'BaoAI 开发手册','dev','BaoAI 小宝人工智能平台','<p>版本：</p>\n\n<ul>\n\t<li>v1.6 20190923&nbsp;</li>\n</ul>\n\n<p>增加手册文章及章节URL地址显示功能，可以将该地址做为书签保存，增加分类及文章状态控制，状态status为true则有效</p>\n',NULL,'.6.50.',2,'.9999809999.0000000006.9999896999.0000000050.',6,NULL,NULL,NULL,0,1,'_blank',NULL,NULL,'<p>BaoAI 小宝人工智能平台</p>\n',NULL,59),(51,'2019-09-23 08:22:11','2019-09-23 08:41:19',1,1000,'all',1,'Stock Data','stock_data_attachments',NULL,'<p>Stock Data</p>\n',NULL,'.11.51.',2,'.9999869999.0000000011.9999998999.0000000051.',11,NULL,NULL,NULL,0,1,'_blank',NULL,NULL,'',NULL,2),(52,'2019-09-23 12:00:44','2019-09-23 12:00:44',1,40000,'all',1,'Code Template','code_template','Code Template','<p>Code Template</p>\n',NULL,'.52.',1,'.9999959999.0000000052.',0,NULL,NULL,NULL,0,1,'_blank',NULL,NULL,'<p>Code Template</p>\n',NULL,0),(53,'2019-09-23 12:03:48','2019-09-23 12:03:48',1,9000,'all',1,'Task Template','task_template','Task Template','<p>Task Template</p>\n',NULL,'.52.53.',2,'.9999959999.0000000052.9999990999.0000000053.',52,NULL,NULL,NULL,0,1,'_blank',NULL,NULL,'<p>Task Template</p>\n',NULL,0),(54,'2019-09-25 07:31:14','2019-11-14 02:12:09',1,990,'zh-cn',1,'BaoAIBack常用Python库',NULL,'BaoAIBack常用Python库','<p>BaoAIBack常用Python库</p>\n\n<p>1. bs4</p>\n\n<p>2. pandas</p>\n\n<p>3. arrow</p>\n',NULL,'.6.48.54.',3,'.9999809999.0000000006.9999898999.0000000048.9999999009.0000000054.',48,NULL,NULL,NULL,0,1,'_blank',NULL,NULL,'<p>BaoAIBack常用Python库</p>\n',NULL,2),(55,'2019-10-05 00:54:42','2019-11-26 01:44:39',1,0,'zh-cn',1,'Backtrader','backtrader','Backtrader','<p>Backtrader</p>\n',NULL,'.6.55.',2,'.9999809999.0000000006.9999999999.0000000055.',6,NULL,NULL,NULL,0,1,'_blank',NULL,NULL,'<p>Backtrader</p>\n',NULL,19),(56,'2019-10-05 00:55:30','2019-10-08 02:46:45',1,1000,'zh-cn',1,'基础',NULL,'backtrader 基础','<p>backtrader 基础</p>\n',NULL,'.6.55.56.',3,'.9999809999.0000000006.9999999999.0000000055.9999998999.0000000056.',55,NULL,NULL,NULL,0,1,'_blank',NULL,NULL,'<p>backtrader 基础</p>\n',NULL,0),(57,'2019-10-08 02:46:34','2019-10-08 02:46:34',1,900,'zh-cn',1,'提高',NULL,NULL,'<p>提高</p>\n',NULL,'.6.55.57.',3,'.9999809999.0000000006.9999999999.0000000055.9999999099.0000000057.',55,NULL,NULL,NULL,0,1,'_blank',NULL,NULL,'<p>提高</p>\n',NULL,0),(58,'2019-10-17 02:54:30','2020-01-17 02:12:32',1,5000,'zh-cn',1,'talib 中文文档','talib_cn','talib 中文文档','<p>Talib一直缺乏有效的中文文档，自己又有空闲时间，且在研究量化对冲系统，就发点时间，做一下翻译。 原文地址：&nbsp;<a href=\"https://mrjbq7.github.io/ta-lib/\" rel=\"nofollow\">TA-LIB document</a>&nbsp;翻译地址：</p>\n\n<p>这是一个Python 金融指数处理库<a href=\"http://ta-lib.org/\" rel=\"nofollow\">TA-LIB</a>，他是基于 Cython 而不是 SWIG。</p>\n\n<blockquote>\n<p>TA-Lib is widely used by trading software developers requiring to perform technical analysis of financial market data.<br />\nTA-Lib广泛应用与交易软件，和金融市场数据进行技术分析。</p>\n</blockquote>\n\n<blockquote>\n<ul>\n\t<li>Includes 150+ indicators such as ADX, MACD, RSI, Stochastic, Bollinger Bands, etc.</li>\n\t<li>Candlestick pattern recognition</li>\n\t<li>Open-source API for C/C++, Java, Perl, Python and 100% Managed .NET</li>\n\t<li>包含了150多个指标,包括：ADX, MACD, RSI, Stochastic, Bollinger Bands, 等.</li>\n\t<li>K线形态识别</li>\n\t<li>完全开源，支持 C/C++, Java, Perl, Python and 100% Managed .NET</li>\n</ul>\n</blockquote>\n',NULL,'.6.58.',2,'.9999809999.0000000006.9999994999.0000000058.',6,NULL,NULL,NULL,0,1,'_blank',NULL,NULL,'<p>talib 中文文档</p>\n',NULL,33),(59,'2019-10-17 02:58:34','2019-11-12 09:50:20',1,1000,'zh-cn',1,'入门',NULL,'talib 入门','<p>talib 入门</p>\n',NULL,'.6.58.59.',3,'.9999809999.0000000006.9999994999.0000000058.9999998999.0000000059.',58,NULL,NULL,NULL,0,1,'_blank',NULL,NULL,'<p>talib 入门</p>\n',NULL,2),(60,'2019-10-17 03:01:18','2019-11-12 08:48:01',1,990,'zh-cn',1,'支持的指标',NULL,'支持的指标','<p>We can show all the TA functions supported by TA-Lib, either as a&nbsp;<code>list</code>&nbsp;or as a&nbsp;<code>dict</code>&nbsp;sorted by group (e.g. &quot;Overlap Studies&quot;, &quot;Momentum Indicators&quot;, etc):<br />\n我们可以显示Ta lib的所有TA函数,返回一个&nbsp;<code>list</code>&nbsp;或者&nbsp;<code>dict</code></p>\n\n<pre>\nimport talib\n\nprint talib.get_functions()\nprint talib.get_function_groups()</pre>\n\n<h3>Function Groups</h3>\n\n<ul>\n\t<li><a href=\"https://github.com/HuaRongSAO/talib-document/blob/master/func_groups/overlap_studies.md\">Overlap Studies 重叠研究</a></li>\n\t<li><a href=\"https://github.com/HuaRongSAO/talib-document/blob/master/func_groups/momentum_indicators.md\">Momentum Indicators 动量指标</a></li>\n\t<li><a href=\"https://github.com/HuaRongSAO/talib-document/blob/master/func_groups/volume_indicators.md\">Volume Indicators 成交量指标</a></li>\n\t<li><a href=\"https://github.com/HuaRongSAO/talib-document/blob/master/func_groups/volatility_indicators.md\">Volatility Indicators 波动性指标</a></li>\n\t<li><a href=\"https://github.com/HuaRongSAO/talib-document/blob/master/func_groups/price_transform.md\">Price Transform 价格指标</a></li>\n\t<li><a href=\"https://github.com/HuaRongSAO/talib-document/blob/master/func_groups/cycle_indicators.md\">Cycle Indicators 周期指标</a></li>\n\t<li><a href=\"https://github.com/HuaRongSAO/talib-document/blob/master/func_groups/pattern_recognition.md\">Pattern Recognition 形态识别</a></li>\n\t<li><a href=\"https://github.com/HuaRongSAO/talib-document/blob/master/func_groups/statistic_functions.md\">Statistic Functions 统计函数</a></li>\n\t<li><a href=\"https://github.com/HuaRongSAO/talib-document/blob/master/func_groups/math_transform.md\">Math Transform 数学变换</a></li>\n\t<li><a href=\"https://github.com/HuaRongSAO/talib-document/blob/master/func_groups/math_operators.md\">Math Operators 数学运算符</a></li>\n</ul>\n\n<h4><a href=\"https://github.com/HuaRongSAO/talib-document/blob/master/func_groups/overlap_studies.md\">Overlap Studies</a></h4>\n\n<pre>\n<code>BBANDS               Bollinger Bands #布林带\nDEMA                 Double Exponential Moving Average #双指数移动平均线\nEMA                  Exponential Moving Average #指数滑动平均\nHT_TRENDLINE         Hilbert Transform - Instantaneous Trendline #希尔伯特变换瞬时趋势\nKAMA                 Kaufman Adaptive Moving Average #卡玛考夫曼自适应移动平均\nMA                   Moving average #均线\nMAMA                 MESA Adaptive Moving Average #自适应移动平均 \nMAVP                 Moving average with variable period #变周期移动平均\nMIDPOINT             MidPoint over period #在周期的中点\nMIDPRICE             Midpoint Price over period #中间时段价格\nSAR                  Parabolic SAR #抛物线转向指标\nSAREXT               Parabolic SAR - Extended #抛物线转向指标 - 扩展\nSMA                  Simple Moving Average# 简单移动平均线\nT3                   Triple Exponential Moving Average (T3)\nTEMA                 Triple Exponential Moving Average\nTRIMA                Triangular Moving Average\nWMA                  Weighted Moving Average#加权移动平均线\n</code></pre>\n\n<h4><a href=\"https://github.com/HuaRongSAO/talib-document/blob/master/func_groups/momentum_indicators.md\">Momentum Indicators</a></h4>\n\n<pre>\n<code>ADX                  Average Directional Movement Index\nADXR                 Average Directional Movement Index Rating\nAPO                  Absolute Price Oscillator\nAROON                Aroon\nAROONOSC             Aroon Oscillator\nBOP                  Balance Of Power\nCCI                  Commodity Channel Index\nCMO                  Chande Momentum Oscillator\nDX                   Directional Movement Index\nMACD                 Moving Average Convergence/Divergence\nMACDEXT              MACD with controllable MA type\nMACDFIX              Moving Average Convergence/Divergence Fix 12/26\nMFI                  Money Flow Index\nMINUS_DI             Minus Directional Indicator\nMINUS_DM             Minus Directional Movement\nMOM                  Momentum\nPLUS_DI              Plus Directional Indicator\nPLUS_DM              Plus Directional Movement\nPPO                  Percentage Price Oscillator\nROC                  Rate of change : ((price/prevPrice)-1)*100\nROCP                 Rate of change Percentage: (price-prevPrice)/prevPrice\nROCR                 Rate of change ratio: (price/prevPrice)\nROCR100              Rate of change ratio 100 scale: (price/prevPrice)*100\nRSI                  Relative Strength Index\nSTOCH                Stochastic\nSTOCHF               Stochastic Fast\nSTOCHRSI             Stochastic Relative Strength Index\nTRIX                 1-day Rate-Of-Change (ROC) of a Triple Smooth EMA\nULTOSC               Ultimate Oscillator\nWILLR                Williams\' %R\n</code></pre>\n\n<h4><a href=\"https://github.com/HuaRongSAO/talib-document/blob/master/func_groups/volume_indicators.html\">Volume Indicators</a></h4>\n\n<pre>\n<code>AD                   Chaikin A/D Line\nADOSC                Chaikin A/D Oscillator\nOBV                  On Balance Volume\n</code></pre>\n\n<h4><a href=\"https://github.com/HuaRongSAO/talib-document/blob/master/func_groups/volatility_indicators.html\">Volatility Indicators</a></h4>\n\n<pre>\n<code>ATR                  Average True Range\nNATR                 Normalized Average True Range\nTRANGE               True Range\n</code></pre>\n\n<h4><a href=\"https://github.com/HuaRongSAO/talib-document/blob/master/func_groups/price_transform.html\">Price Transform</a></h4>\n\n<pre>\n<code>AVGPRICE             Average Price\nMEDPRICE             Median Price\nTYPPRICE             Typical Price\nWCLPRICE             Weighted Close Price\n</code></pre>\n\n<h4><a href=\"https://github.com/HuaRongSAO/talib-document/blob/master/func_groups/cycle_indicators.html\">Cycle Indicators</a></h4>\n\n<pre>\n<code>HT_DCPERIOD          Hilbert Transform - Dominant Cycle Period\nHT_DCPHASE           Hilbert Transform - Dominant Cycle Phase\nHT_PHASOR            Hilbert Transform - Phasor Components\nHT_SINE              Hilbert Transform - SineWave\nHT_TRENDMODE         Hilbert Transform - Trend vs Cycle Mode\n</code></pre>\n\n<h4><a href=\"https://github.com/HuaRongSAO/talib-document/blob/master/func_groups/pattern_recognition.html\">Pattern Recognition</a></h4>\n\n<pre>\n<code>CDL2CROWS            Two Crows\nCDL3BLACKCROWS       Three Black Crows\nCDL3INSIDE           Three Inside Up/Down\nCDL3LINESTRIKE       Three-Line Strike\nCDL3OUTSIDE          Three Outside Up/Down\nCDL3STARSINSOUTH     Three Stars In The South\nCDL3WHITESOLDIERS    Three Advancing White Soldiers\nCDLABANDONEDBABY     Abandoned Baby\nCDLADVANCEBLOCK      Advance Block\nCDLBELTHOLD          Belt-hold\nCDLBREAKAWAY         Breakaway\nCDLCLOSINGMARUBOZU   Closing Marubozu\nCDLCONCEALBABYSWALL  Concealing Baby Swallow\nCDLCOUNTERATTACK     Counterattack\nCDLDARKCLOUDCOVER    Dark Cloud Cover\nCDLDOJI              Doji\nCDLDOJISTAR          Doji Star\nCDLDRAGONFLYDOJI     Dragonfly Doji\nCDLENGULFING         Engulfing Pattern\nCDLEVENINGDOJISTAR   Evening Doji Star\nCDLEVENINGSTAR       Evening Star\nCDLGAPSIDESIDEWHITE  Up/Down-gap side-by-side white lines\nCDLGRAVESTONEDOJI    Gravestone Doji\nCDLHAMMER            Hammer\nCDLHANGINGMAN        Hanging Man\nCDLHARAMI            Harami Pattern\nCDLHARAMICROSS       Harami Cross Pattern\nCDLHIGHWAVE          High-Wave Candle\nCDLHIKKAKE           Hikkake Pattern\nCDLHIKKAKEMOD        Modified Hikkake Pattern\nCDLHOMINGPIGEON      Homing Pigeon\nCDLIDENTICAL3CROWS   Identical Three Crows\nCDLINNECK            In-Neck Pattern\nCDLINVERTEDHAMMER    Inverted Hammer\nCDLKICKING           Kicking\nCDLKICKINGBYLENGTH   Kicking - bull/bear determined by the longer marubozu\nCDLLADDERBOTTOM      Ladder Bottom\nCDLLONGLEGGEDDOJI    Long Legged Doji\nCDLLONGLINE          Long Line Candle\nCDLMARUBOZU          Marubozu\nCDLMATCHINGLOW       Matching Low\nCDLMATHOLD           Mat Hold\nCDLMORNINGDOJISTAR   Morning Doji Star\nCDLMORNINGSTAR       Morning Star\nCDLONNECK            On-Neck Pattern\nCDLPIERCING          Piercing Pattern\nCDLRICKSHAWMAN       Rickshaw Man\nCDLRISEFALL3METHODS  Rising/Falling Three Methods\nCDLSEPARATINGLINES   Separating Lines\nCDLSHOOTINGSTAR      Shooting Star\nCDLSHORTLINE         Short Line Candle\nCDLSPINNINGTOP       Spinning Top\nCDLSTALLEDPATTERN    Stalled Pattern\nCDLSTICKSANDWICH     Stick Sandwich\nCDLTAKURI            Takuri (Dragonfly Doji with very long lower shadow)\nCDLTASUKIGAP         Tasuki Gap\nCDLTHRUSTING         Thrusting Pattern\nCDLTRISTAR           Tristar Pattern\nCDLUNIQUE3RIVER      Unique 3 River\nCDLUPSIDEGAP2CROWS   Upside Gap Two Crows\nCDLXSIDEGAP3METHODS  Upside/Downside Gap Three Methods\n</code></pre>\n\n<h4><a href=\"https://github.com/HuaRongSAO/talib-document/blob/master/func_groups/statistic_functions.html\">Statistic Functions</a></h4>\n\n<pre>\n<code>BETA                 Beta\nCORREL               Pearson\'s Correlation Coefficient (r)\nLINEARREG            Linear Regression\nLINEARREG_ANGLE      Linear Regression Angle\nLINEARREG_INTERCEPT  Linear Regression Intercept\nLINEARREG_SLOPE      Linear Regression Slope\nSTDDEV               Standard Deviation\nTSF                  Time Series Forecast\nVAR                  Variance</code></pre>\n',NULL,'.6.58.60.',3,'.9999809999.0000000006.9999994999.0000000058.9999999009.0000000060.',58,NULL,NULL,NULL,0,1,'_blank',NULL,NULL,'<h2>支持的指标</h2>\n',NULL,4),(61,'2019-10-20 06:01:42','2019-11-26 01:44:52',1,5000,'zh-cn',1,'从零构建量化系统',NULL,'从零构建量化系统','<p>从零构建量化系统</p>\n',NULL,'.6.61.',2,'.9999809999.0000000006.9999994999.0000000061.',6,NULL,NULL,NULL,0,1,'_blank',NULL,NULL,'<p>从零构建量化系统</p>\n',NULL,5),(62,'2019-10-20 06:18:53','2020-02-01 02:49:45',1,79990,'zh-cn',1,'Tushare','tushare','Tushare','<p><strong>Tushare是一个免费、开源的python财经数据接口包。</strong>主要实现对股票等金融数据从<strong>数据采集</strong>、<strong>清洗加工</strong>&nbsp;到&nbsp;<strong>数据存储</strong>的过程，能够为金融分析人员提供快速、整洁、和多样的便于分析的数据，为他们在数据获取方面极大地减轻工作量，使他们更加专注于策略和模型的研究与实现上。考虑到Python pandas包在金融量化分析中体现出的优势，Tushare返回的绝大部分的数据格式都是pandas DataFrame类型，非常便于用pandas/NumPy/Matplotlib进行数据分析和可视化。当然，如果您习惯了用Excel或者关系型数据库做分析，您也可以通过Tushare的数据存储功能，将数据全部保存到本地后进行分析。应一些用户的请求，从0.2.5版本开始，Tushare同时兼容Python 2.x和Python 3.x，对部分代码进行了重构，并优化了一些算法，确保数据获取的高效和稳定。</p>\n',NULL,'.6.62.',2,'.9999809999.0000000006.9999920009.0000000062.',6,NULL,NULL,NULL,0,1,'_blank',NULL,NULL,'<p><strong>Tushare是一个免费、开源的python财经数据接口包。</strong></p>\n',NULL,1),(63,'2019-10-21 01:37:08','2020-02-13 04:01:47',0,4990,'zh-cn',1,'人工智能',NULL,'人工智能','<p>人工智能</p>\n',NULL,'.6.63.',2,'.9999809999.0000000006.9999995009.0000000063.',6,NULL,NULL,NULL,0,1,'_blank',NULL,NULL,'<p>人工智能</p>\n',NULL,1),(64,'2019-10-21 01:37:38','2019-10-21 01:37:38',1,1000,'zh-cn',1,'概率论',NULL,'概率论','<p>概率论</p>\n',NULL,'.6.63.64.',3,'.9999809999.0000000006.9999995009.0000000063.9999998999.0000000064.',63,NULL,NULL,NULL,0,1,'_blank',NULL,NULL,'<p>概率论</p>\n',NULL,0),(65,'2019-11-01 05:53:54','2019-11-01 05:53:54',1,1000,'zh-cn',1,'量化基础概念',NULL,NULL,'',NULL,'.6.61.65.',3,'.9999809999.0000000006.9999994999.0000000061.9999998999.0000000065.',61,NULL,NULL,NULL,0,1,'_blank',NULL,NULL,'',NULL,0),(66,'2019-11-12 10:11:27','2019-12-20 11:46:31',1,99000,'zh-cn',1,'BaoAI量化系统：指标','Baoai Quant Indicators','BaoAI量化系统 指标','<p>BaoAI量化系统：指标</p>\n',NULL,'.6.66.',2,'.9999809999.0000000006.9999900999.0000000066.',6,NULL,NULL,NULL,0,1,'_blank',NULL,NULL,'<p>BaoAI量化系统：指标</p>\n',NULL,14),(67,'2019-11-12 10:14:34','2019-11-15 02:06:42',1,9000,'zh-cn',1,'形态识别','Pattern Recognition','形态识别','<p>形态识别</p>\n',NULL,'.6.66.67.',3,'.9999809999.0000000006.9999900999.0000000066.9999990999.0000000067.',66,NULL,NULL,NULL,0,1,'_blank',NULL,NULL,'<p>形态识别</p>\n',NULL,1),(68,'2019-11-14 01:48:47','2019-11-25 15:37:25',1,98900,'zh-cn',1,'BaoAI量化系统：选择策略','Baoai Quant Selector','BaoAI量化系统 选择策略','<p>BaoAI量化系统 选择策略</p>\n',NULL,'.6.68.',2,'.9999809999.0000000006.9999901099.0000000068.',6,NULL,NULL,NULL,0,1,'_blank',NULL,NULL,'<p>BaoAI量化系统 选择策略</p>\n',NULL,2),(69,'2019-11-14 02:19:09','2019-11-15 02:06:43',1,8000,'zh-cn',1,'重叠指标','Overlap','Overlap 重叠指标','<p>Overlap 重叠指标&nbsp;</p>\n',NULL,'.6.66.69.',3,'.9999809999.0000000006.9999900999.0000000066.9999991999.0000000069.',66,NULL,NULL,NULL,0,1,'_blank',NULL,NULL,'<p>Overlap 重叠指标&nbsp;</p>\n',NULL,0),(70,'2019-11-14 06:42:31','2019-11-15 02:06:43',1,3000,'zh-cn',1,'形态识别','Pattern Recognition Selector Strategies','Pattern Recognition Selector Strategies 形态识别选择策略','<p>Pattern Recognition Selector Strategies 形态识别选择策略</p>\n',NULL,'.6.68.70.',3,'.9999809999.0000000006.9999901099.0000000068.9999996999.0000000070.',68,NULL,NULL,NULL,0,1,'_blank',NULL,NULL,'<p>Pattern Recognition Selector Strategies 形态识别选择策略</p>\n',NULL,0),(71,'2019-11-14 08:38:20','2019-12-03 08:29:12',1,2990,'zh-cn',1,'重叠交易策略','Overlap Trade Strategies','Overlap Trade Strategies 重叠交易策略','<p>Overlap Trade Strategies 重叠交易策略</p>\n',NULL,'.6.78.71.',3,'.9999809999.0000000006.9999901109.0000000078.9999997009.0000000071.',78,NULL,NULL,NULL,0,1,'_blank',NULL,NULL,'<p>Overlap Trade Strategies 重叠交易策略</p>\n',NULL,0),(72,'2019-11-15 02:08:26','2019-11-27 13:37:22',1,99100,'zh-cn',1,'BaoAI 量化系统：经纪人','Baoai Quant Broker','Baoai Quant Broker 量化系统：经纪人','<p>Baoai Quant Broker&nbsp;量化系统：经纪人</p>\n',NULL,'.6.72.',2,'.9999809999.0000000006.9999900899.0000000072.',6,NULL,NULL,NULL,0,1,'_blank',NULL,NULL,'<p>Baoai Quant Broker&nbsp;量化系统：经纪人</p>\n',NULL,6),(73,'2019-11-15 07:21:39','2019-11-28 01:16:29',1,99800,'zh-cn',1,'BaoAI 量化系统：Cerebro大脑','Cerebro','BaoAI 量化系统：Cerebro大脑','<p>BaoAI 量化系统：Cerebro大脑</p>\n',NULL,'.6.73.',2,'.9999809999.0000000006.9999900199.0000000073.',6,NULL,NULL,NULL,0,1,'_blank',NULL,NULL,'<p>BaoAI 量化系统：Cerebro大脑</p>\n',NULL,2),(74,'2019-11-20 01:31:09','2019-11-23 01:46:07',1,98800,'zh-cn',1,'BaoAI量化系统：订单','Orders','BaoAI量化系统：订单 Orders','<p>BaoAI量化系统：订单 Orders</p>\n',NULL,'.6.74.',2,'.9999809999.0000000006.9999901199.0000000074.',6,NULL,NULL,NULL,0,1,'_blank',NULL,NULL,'<p>BaoAI量化系统：订单 Orders</p>\n',NULL,4),(75,'2019-11-23 02:39:07','2019-11-23 02:39:40',1,98000,'zh-cn',1,'BaoAI 量化系统：Pyfolio','pyfolio','Pyfolio','<p>pyfolio是一个Python库，Quantopian Inc.开发的用于性能和财务风险分析的投资组合工具，与开源的回测库Zipline配合良好。</p>\n\n<p>&nbsp;</p>\n',NULL,'.6.75.',2,'.9999809999.0000000006.9999901999.0000000075.',6,NULL,NULL,NULL,0,1,'_blank',NULL,NULL,'<p>pyfolio是一个Python库，Quantopian Inc.开发的用于性能和财务风险分析的投资组合工具，与开源的回测库Zipline配合良好</p>\n',NULL,0),(76,'2019-11-25 08:34:23','2019-12-03 08:30:42',1,0,'zh-cn',1,'测试策略','Test Strategy','测试策略','<p>测试策略 Test Strategy</p>\n',NULL,'.6.78.76.',3,'.9999809999.0000000006.9999901109.0000000078.9999999999.0000000076.',78,NULL,NULL,NULL,0,1,'_blank',NULL,NULL,'<p>测试策略 Test Strategy</p>\n',NULL,0),(77,'2019-12-02 07:19:16','2019-12-02 07:19:16',1,100000,'zh-cn',1,'通用','General Selector Strategy','General Selector Strategy 通用','<p>General Selector Strategy 通用</p>\n',NULL,'.6.68.77.',3,'.9999809999.0000000006.9999901099.0000000068.9999899999.0000000077.',68,NULL,NULL,NULL,0,1,'_blank',NULL,NULL,'<p>General Selector Strategy 通用</p>\n',NULL,0),(78,'2019-12-03 08:23:52','2019-12-18 03:09:28',1,98890,'zh-cn',1,'BaoAI量化系统：交易策略','Trade Strategies','BaoAI量化系统 交易策略','<p>BaoAI量化系统 交易策略</p>\n',NULL,'.6.78.',2,'.9999809999.0000000006.9999901109.0000000078.',6,NULL,NULL,NULL,0,1,'_blank',NULL,NULL,'<p>BaoAI量化系统 交易策略</p>\n',NULL,1),(79,'2019-12-12 01:21:51','2020-02-06 07:17:15',1,1000,'zh-cn',1,'安装部署','baoai_deploy','安装部署','<p>安装部署</p>\n',NULL,'.6.50.79.',3,'.9999809999.0000000006.9999896999.0000000050.9999998999.0000000079.',50,NULL,NULL,NULL,0,1,'_blank',NULL,NULL,'<p>安装部署</p>\n',NULL,4),(80,'2019-12-16 02:51:21','2019-12-16 02:51:21',1,990,'zh-cn',1,'Nginx','baoai_nginx','BaoAI Nginx','',NULL,'.6.50.80.',3,'.9999809999.0000000006.9999896999.0000000050.9999999009.0000000080.',50,NULL,NULL,NULL,0,1,'_blank',NULL,NULL,'<p>Nginx</p>\n',NULL,0),(81,'2019-12-16 04:04:55','2019-12-16 04:04:55',1,970,'zh-cn',1,'AnguarJS','baoai_AnguarJS','AnguarJS','<p>AnguarJS</p>\n',NULL,'.6.50.81.',3,'.9999809999.0000000006.9999896999.0000000050.9999999029.0000000081.',50,NULL,NULL,NULL,0,1,'_blank',NULL,NULL,'<p>AnguarJS</p>\n',NULL,0),(85,'2019-12-17 12:11:36','2020-02-11 08:13:04',1,10000,'zh-cn',1,'BaoAI 新闻','BaoAI 新闻','BaoAI 新闻','<p>BaoAI 新闻</p>\n',NULL,'.1.85.',2,'.9999199999.0000000001.9999989999.0000000085.',1,NULL,NULL,NULL,0,1,'_blank',NULL,NULL,'<p>BaoAI 新闻</p>\n',NULL,34),(86,'2019-12-25 06:27:16','2020-01-08 03:27:27',1,8000,'zh-cn',1,'开发环境搭建',NULL,'开发环境搭建','<p>开发环境搭建</p>\n',NULL,'.6.46.86.',3,'.9999809999.0000000006.9999897999.0000000046.9999991999.0000000086.',46,NULL,NULL,NULL,0,1,'_blank',NULL,NULL,'<p>开发环境搭建</p>\n',NULL,3),(87,'2019-12-29 01:42:48','2019-12-29 01:42:48',1,990,'zh-cn',1,'项目开发',NULL,'项目开发','<p>项目开发</p>\n',NULL,'.6.46.87.',3,'.9999809999.0000000006.9999897999.0000000046.9999999009.0000000087.',46,NULL,NULL,NULL,0,1,'_blank',NULL,NULL,'<p>项目开发</p>\n',NULL,0),(88,'2020-01-15 03:36:53','2020-02-13 06:43:12',1,200000,'zh-cn',1,'BaoAI','baoai','扩展','<p>小宝人工智能和量化平台是简洁、直观、强大的前端和后端SPA开发框架，支持国际化，以模块为基础，让WEB应用、人工智能和量化系统开发更迅速、更简单。平台包含多个模块，主要包括基于角色的权限管理基础平台（用户、角色、权限、日志、附件、配置参数、分类管理）、通知模块、自动代码产生模块、任务系统模块、内容管理系统模块、网站模块、电子手册模块、人工智能模块、图像识别模块，人脸识别模块，金融数据采集模块，大数据模块，量化交易模块等。</p>\n\n<p><span style=\"font-size:16px\"><strong>功能特点：</strong></span></p>\n\n<ul>\n\t<li>超10万行代码</li>\n\t<li>平台模块化，易于开发扩展</li>\n\t<li>前端兼容多种浏览器</li>\n\t<li>兼容性好，<em>跨平台</em>，响应式设计</li>\n\t<li>平台二次开发学习曲线低，易上手</li>\n\t<li>国际化</li>\n\t<li>前后端代码分离</li>\n\t<li>基于H5的单页面应用（SPA）</li>\n\t<li>自动代码产生器</li>\n\t<li>自动产生API文档及测试界面</li>\n\t<li>支持多数据库和数据迁移</li>\n\t<li>强大的富文本编辑</li>\n\t<li>人工智能</li>\n\t<li>大数据网络爬虫</li>\n\t<li>金融数据采集模块</li>\n\t<li>量化分析</li>\n\t<li>完善的开发和部署工具和方案</li>\n</ul>\n\n<p>&nbsp;</p>\n\n<p><img alt=\"\" height=\"464\" src=\"http://192.168.0.119:5000/static/uploads/2020/02/01/b46ab7cbc33740a58a63a67f7770db79.png\" width=\"700\" /></p>\n\n<p><strong>BaoAI 小宝人工智能和量化平台知识体系</strong></p>\n\n<p>可用于各行业的前端和后端系统软件开发、CMS、人工智能、图像识别、人脸识别、大数据和量化投资领域等。前后端分离SPA架构，使用AngularJS/Bootstrap等前端框架实现响应式和SPA程序设计，后端主要使用Python语言，主要包括如下框架：flask提供web服务，Jinja2提供模板服务，Numpy、Pandas、Scikit-Learn、Tensorflow和Keras等实现人工智能服务，celery实现任务调度，scrapy提供网络爬虫，基于Backtrader的金融量化服务等。</p>\n\n<p><img alt=\"\" height=\"531\" src=\"http://192.168.0.119:5000/static/uploads/2020/02/01/49bc49b2c4ab4d6dad2113e2e8fcbdcb.png\" width=\"700\" /></p>\n\n<p>基于BaoAI设计案例：</p>\n\n<p>内容管理网站：</p>\n\n<p><img alt=\"\" height=\"394\" src=\"http://192.168.0.119:5000/static/uploads/2020/02/01/55fec3e4731a432ab7b4ee22c90320fa.png\" width=\"700\" /></p>\n\n<p>管理系统后台：</p>\n\n<p><img alt=\"\" height=\"551\" src=\"http://192.168.0.119:5000/static/uploads/2020/02/01/5e5ca9569c5a4c5ab688364e8c30b5c4.png\" width=\"700\" /></p>\n\n<p>人工智能：</p>\n\n<p><img alt=\"\" height=\"551\" src=\"http://192.168.0.119:5000/static/uploads/2020/02/01/aea3d0bac8ca47afa41d8d30489fa1b5.png\" width=\"700\" /></p>\n\n<p>量化系统：</p>\n\n<p><img alt=\"\" height=\"851\" src=\"http://192.168.0.119:5000/static/uploads/2020/02/01/a5b0c81fdc484ef58fcee39f355d6015.png\" width=\"700\" /></p>\n',NULL,'.6.88.',2,'.9999809999.0000000006.9999799999.0000000088.',6,NULL,NULL,NULL,0,1,'_blank',NULL,NULL,'<p>小宝人工智能和量化平台是简洁、直观、强大的前端和后端SPA开发框架，支持国际化，以模块为基础，让WEB应用、人工智能和量化系统开发更迅速、更简单。平台包含多个模块，主要包括基于角色的权限管理基础平台（用户、角色、权限、日志、附件、配置参数、分类管理）、通知模块、自动代码产生模块、任务系统模块、内容管理系统模块、网站模块、电子手册模块、人工智能模块、图像识别模块，人脸识别模块，金融数据采集模块，大数据模块，量化交易模块等。</p>\n\n<p><strong>BaoAI 小宝人工智能和量化平台知识体系</strong></p>\n\n<p>可用于各行业的前端和后端系统软件开发、CMS、人工智能、图像识别、人脸识别、大数据和量化投资领域等。前后端分离SPA架构，使用AngularJS/Bootstrap等前端框架实现响应式和SPA程序设计，后端主要使用Python语言，主要包括如下框架：flask提供web服务，Jinja2提供模板服务，Numpy、Pandas、Scikit-Learn、Tensorflow和Keras等实现人工智能服务，celery实现任务调度，scrapy提供网络爬虫，基于Backtrader的金融量化服务等。</p>\n',NULL,349),(89,'2020-01-31 02:25:44','2020-02-13 02:30:53',1,1000000,'zh-cn',1,'BaoAI 核心平台',NULL,'核心平台','<p>开源协议：Apache-2.0</p>\n\n<p>源码URL：</p>\n\n<p>内容简介：</p>\n\n<p>小宝人工智能和量化平台是简洁、直观、强大的前端和后端SPA开发框架，支持国际化，以模块为基础，让WEB应用、人工智能和量化系统开发更迅速、更简单。核心平台是BaoAI的基础部份，包含多个核心模块，是其他扩展模块的基础。主要包括基于角色的权限管理基础平台（管理员、角色、权限）、账号管理（用户、账号配置、账号日志）、系统管理（操作日志、配置参数）和人工智能学习（IRIS预测系统）。</p>\n',NULL,'.6.88.89.',3,'.9999809999.0000000006.9999799999.0000000088.9998999999.0000000089.',88,NULL,NULL,NULL,0,1,'_blank',NULL,NULL,'<p>BaoAI 核心平台</p>\n',NULL,66),(90,'2020-01-31 02:29:40','2020-02-11 08:47:22',1,990000,'zh-cn',1,'自动代码',NULL,'自动代码','<p>通过系统界面设置，无需写一行代码，即可自动产生前后端的基础代码，协助开发人员快速开发系统。</p>\n',NULL,'.6.88.90.',3,'.9999809999.0000000006.9999799999.0000000088.9999009999.0000000090.',88,NULL,NULL,NULL,0,1,'_blank',NULL,NULL,'<p>自动代码</p>\n',NULL,20),(91,'2020-01-31 02:33:10','2020-02-11 08:47:22',1,980000,'zh-cn',1,'任务系统',NULL,'任务系统','<p>基于celery的任务调度系统，可视化的实时管理和实时增减系统任务，多种任务运行方式，手工，间隔，定时器等。</p>\n',NULL,'.6.88.91.',3,'.9999809999.0000000006.9999799999.0000000088.9999019999.0000000091.',88,NULL,NULL,NULL,0,1,'_blank',NULL,NULL,'<p>任务系统</p>\n',NULL,1),(92,'2020-01-31 02:58:09','2020-02-11 08:47:22',1,970000,'zh-cn',1,'内容管理',NULL,'内容管理','<p>内容管理富文本采用了基于CKEditor的前端模块，响应式文章编辑，PC、平板、手机实现了一致操作。实现了图片和附件的多种上传方式，可单个或批量上传，也可批量拖放上传，从其他网站复制内容后的，图片自动本地保存。可以动态增加或删除CEditor工具扩展功能。</p>\n\n<p>分类模块：内容管理的基础模块，用于支持导航条、新闻、幻灯片、手册、附件等分类实现。</p>\n\n<p>附件模块：图片、附件的集中管理模块，实现了分类图片和附件管理。实现多种附件上传方式。</p>\n\n<p>文章模块：内容管理的基础模块，实现文章的跨平台设备的录入、管理。支持新闻管理、手册管理的内容操作。</p>\n\n<p>新闻模块：新闻的分类及文章录入管理。</p>\n\n<p>手册模块：手册或电子书籍的分类及文章录入管理。</p>\n\n<p>导航条模块：负责内容管理网站的导航条设计。</p>\n\n<p>评论模块：用于文章的用户评论。</p>\n\n<p>区块模块：用于内容管理中区块内容定义，可以聚合、过滤、排序手册和新闻等内容。</p>\n\n<p>通知模块：重要信息的用户通知。</p>\n\n<p>&nbsp;</p>\n\n<p>&nbsp;</p>\n',NULL,'.6.88.92.',3,'.9999809999.0000000006.9999799999.0000000088.9999029999.0000000092.',88,NULL,NULL,NULL,0,1,'_blank',NULL,NULL,'<p>内容管理</p>\n',NULL,1),(93,'2020-01-31 03:02:55','2020-02-11 08:47:22',0,960000,'zh-cn',1,'人工智能',NULL,'人工智能','<p>人工智能学习模块及应用模块。提供了机器学习常用接口，及深度学习接口。包括各种常见的人工智能学习模块及图像识别、人脸识别，智能量化等应用。</p>\n',NULL,'.6.88.93.',3,'.9999809999.0000000006.9999799999.0000000088.9999039999.0000000093.',88,NULL,NULL,NULL,0,1,'_blank',NULL,NULL,'<p>人工智能</p>\n',NULL,2),(94,'2020-01-31 06:44:49','2020-02-11 08:47:22',1,950000,'zh-cn',1,'金融数据采集',NULL,'金融数据采集','<p>自动采集股票、指数、基本面、财务等多种金融数据，这些数据将用于量化分析等模块。</p>\n',NULL,'.6.88.94.',3,'.9999809999.0000000006.9999799999.0000000088.9999049999.0000000094.',88,NULL,NULL,NULL,0,1,'_blank',NULL,NULL,'<p>金融数据采集</p>\n',NULL,3),(95,'2020-01-31 06:46:06','2020-02-11 08:47:22',1,940000,'zh-cn',1,'大数据',NULL,'大数据','<p>基于scrapy和celery的定时网络数据抓取。</p>\n',NULL,'.6.88.95.',3,'.9999809999.0000000006.9999799999.0000000088.9999059999.0000000095.',88,NULL,NULL,NULL,0,1,'_blank',NULL,NULL,'<p>大数据</p>\n',NULL,0),(96,'2020-01-31 06:48:11','2020-02-11 08:47:22',1,930000,'zh-cn',1,'量化',NULL,'量化','<p>智能股票选择及交易策略，根据交易策略产生相互的回测报告及分析数据，为证券投资者提供强大的技术保障。</p>\n',NULL,'.6.88.96.',3,'.9999809999.0000000006.9999799999.0000000088.9999069999.0000000096.',88,NULL,NULL,NULL,0,1,'_blank',NULL,NULL,'<p>量化</p>\n',NULL,2),(97,'2020-02-04 12:16:30','2020-02-04 12:16:30',1,0,'zh-cn',1,'配置',NULL,'配置','<p>配置</p>\n',NULL,'.6.48.97.',3,'.9999809999.0000000006.9999898999.0000000048.9999999999.0000000097.',48,NULL,NULL,NULL,0,1,'_blank',NULL,NULL,'<p>配置</p>\n',NULL,0);
/*!40000 ALTER TABLE `ai_category` ENABLE KEYS */;

#
# Structure for table "ai_configs"
#

DROP TABLE IF EXISTS `ai_configs`;
CREATE TABLE `ai_configs` (
  `id` int(11) NOT NULL AUTO_INCREMENT,
  `title` varchar(255) DEFAULT NULL,
  `created` datetime NOT NULL,
  `updated` datetime DEFAULT NULL,
  `uid` int(11) NOT NULL,
  `module` varchar(100) NOT NULL,
  `section` varchar(100) NOT NULL,
  `keys` varchar(100) NOT NULL,
  `value` text,
  `lang` varchar(10) NOT NULL,
  `pid` int(11) NOT NULL,
  `weight` int(11) NOT NULL,
  `status` tinyint(1) NOT NULL,
  PRIMARY KEY (`id`),
  UNIQUE KEY `uix_configs_module_section_keys_lang` (`module`,`section`,`keys`,`lang`),
  KEY `ix_ai_configs_lang` (`lang`),
  KEY `ix_ai_configs_weight` (`weight`),
  KEY `ix_ai_configs_status` (`status`)
) ENGINE=MyISAM AUTO_INCREMENT=383 DEFAULT CHARSET=utf8;

#
# Data for table "ai_configs"
#

/*!40000 ALTER TABLE `ai_configs` DISABLE KEYS */;
INSERT INTO `ai_configs` VALUES (7,'configs.i18n.en','2019-06-17 11:01:36','2019-06-18 18:50:34',1,'configs','i18n','en','English','en',0,0,1),(13,'configs.i18n.Simplified Chinese','2019-06-17 19:37:24','2019-06-18 18:52:08',1,'configs','i18n','Simplified Chinese','简体中文','zh-cn',0,0,1),(14,'configs.i18n.zh-cn','2019-06-18 19:21:51','2019-06-18 19:51:59',1,'configs','i18n','zh-cn','Simplified Chinese','en',0,0,1),(15,'configs.i18n.zh-cn','2019-06-18 19:42:40','2019-06-18 19:49:25',1,'configs','i18n','zh-cn','简体中文','zh-cn',0,0,1),(16,'configs.i18n.en','2019-06-18 19:49:59',NULL,1,'configs','i18n','en','英文','zh-cn',0,0,1),(17,'configs.i18n.Title','2019-06-18 21:55:13','2019-06-18 22:06:26',1,'configs','i18n','Title','标题','zh-cn',0,0,1),(18,'configs.i18n.title','2019-06-18 21:55:32',NULL,1,'configs','i18n','title','Title','en',0,0,1),(19,'configs.i18n.Resources','2019-06-18 21:56:48','2019-06-19 10:50:15',1,'configs','i18n','Resources','资源','zh-cn',0,0,1),(20,'configs.i18n.Icon','2019-06-18 21:58:11',NULL,1,'configs','i18n','Icon','图标','zh-cn',0,0,1),(21,'configs.i18n.Route','2019-06-18 21:59:22',NULL,1,'configs','i18n','Route','路由','zh-cn',0,0,1),(22,'configs.i18n.Method','2019-06-18 22:00:47',NULL,1,'configs','i18n','Method','方法','zh-cn',0,0,1),(23,'configs.i18n.Weight','2019-06-18 22:01:07',NULL,1,'configs','i18n','Weight','权重','zh-cn',0,0,1),(24,'configs.i18n.Menu','2019-06-18 22:02:50',NULL,1,'configs','i18n','Menu','菜单','zh-cn',0,0,1),(25,'configs.i18n.Status','2019-06-18 22:03:17',NULL,1,'configs','i18n','Status','状态','zh-cn',0,0,1),(26,'configs.i18n.Operate','2019-06-18 22:03:39',NULL,1,'configs','i18n','Operate','操作','zh-cn',0,0,1),(27,'configs.i18n.system Manager','2019-06-19 09:10:07','2019-06-19 10:01:28',1,'configs','i18n','system Manager','系统管理','zh-cn',0,0,1),(28,'configs.i18n.Attachments','2019-06-19 09:23:09',NULL,1,'configs','i18n','Attachments','附件管理','zh-cn',0,0,1),(29,'configs.i18n.List','2019-06-19 10:31:29',NULL,1,'configs','i18n','List','查看列表','zh-cn',0,0,1),(30,'configs.i18n.Add','2019-06-19 10:32:08',NULL,1,'configs','i18n','Add','增加','zh-cn',0,0,1),(31,'configs.i18n.Edit','2019-06-19 10:32:24',NULL,1,'configs','i18n','Edit','编辑','zh-cn',0,0,1),(32,'configs.i18n.Delete','2019-06-19 10:32:39',NULL,1,'configs','i18n','Delete','删除','zh-cn',0,0,1),(33,'configs.i18n.view','2019-06-19 10:33:14',NULL,1,'configs','i18n','view','查看','zh-cn',0,0,1),(34,'configs.i18n.Operate Logs','2019-06-19 10:34:45','2019-06-19 10:49:50',1,'configs','i18n','Operate Logs','操作日志','zh-cn',0,0,1),(35,'configs.i18n.Configs','2019-06-19 10:35:31','2019-06-19 10:49:58',1,'configs','i18n','Configs','配置参数','zh-cn',0,0,1),(36,'configs.i18n.User Manager','2019-06-19 10:36:18',NULL,1,'configs','i18n','User Manager','账号管理','zh-cn',0,0,1),(37,'configs.i18n.User Profile','2019-06-19 10:37:10',NULL,1,'configs','i18n','User Profile','账号配置','zh-cn',0,0,1),(38,'configs.i18n.User Logs','2019-06-19 10:37:47','2019-06-19 10:50:41',1,'configs','i18n','User Logs','帐号日志','zh-cn',0,0,1),(39,'configs.i18n.RBAC','2019-06-19 10:39:24',NULL,1,'configs','i18n','RBAC','权限管理','zh-cn',0,0,1),(40,'configs.i18n.Admin','2019-06-19 10:39:56',NULL,1,'configs','i18n','Admin','管理员','zh-cn',0,0,1),(41,'configs.i18n.Roles','2019-06-19 10:40:35','2019-06-19 10:54:19',1,'configs','i18n','Roles','角色','zh-cn',0,0,1),(42,'configs.i18n.Get Roles','2019-06-19 10:52:08',NULL,1,'configs','i18n','Get Roles','获取用户角色','zh-cn',0,0,1),(43,'configs.i18n.Add Role','2019-06-19 10:52:27',NULL,1,'configs','i18n','Add Role','增加角色','zh-cn',0,0,1),(44,'configs.i18n.Roles Menu','2019-06-19 10:53:02',NULL,1,'configs','i18n','Roles Menu','角色菜单','zh-cn',0,0,1),(45,'configs.i18n.Resources Menu','2019-06-19 10:53:27',NULL,1,'configs','i18n','Resources Menu','资源菜单','zh-cn',0,0,1),(46,'configs.i18n.All Resources','2019-06-19 10:53:50',NULL,1,'configs','i18n','All Resources','所有资源','zh-cn',0,0,1),(47,'configs.i18n.Submit','2019-06-19 13:48:50',NULL,1,'configs','i18n','Submit','确定','zh-cn',0,0,1),(48,'configs.i18n.Reset','2019-06-19 13:49:08',NULL,1,'configs','i18n','Reset','重置','zh-cn',0,0,1),(49,'configs.i18n.Search','2019-06-19 13:51:09',NULL,1,'configs','i18n','Search','搜索','zh-cn',0,0,1),(50,'configs.i18n.Feature','2019-06-19 13:55:43',NULL,1,'configs','i18n','Feature','功能','zh-cn',0,0,1),(51,'configs.i18n.Normal','2019-06-19 13:57:01',NULL,1,'configs','i18n','Normal','正常','zh-cn',0,0,1),(52,'configs.i18n.Pause','2019-06-19 13:57:23',NULL,1,'configs','i18n','Pause','暂停','zh-cn',0,0,1),(53,'configs.i18n.Parents','2019-06-19 13:58:51',NULL,1,'configs','i18n','Parents','父级','zh-cn',0,0,1),(54,'configs.i18n.Remark','2019-06-19 14:00:32',NULL,1,'configs','i18n','Remark','备注','zh-cn',0,0,1),(55,'configs.i18n.Reserve','2019-06-19 14:11:25',NULL,1,'configs','i18n','Reserve','保留','zh-cn',0,0,1),(56,'configs.i18n.dashboard','2019-06-21 10:24:57',NULL,1,'configs','i18n','dashboard','控制台','zh-cn',0,0,1),(57,'configs.i18n.Online','2019-06-21 10:26:49',NULL,1,'configs','i18n','Online','在线','zh-cn',0,0,1),(58,'configs.i18n.Offline','2019-06-21 10:27:08',NULL,1,'configs','i18n','Offline','离线','zh-cn',0,0,1),(59,'configs.i18n.Artificial Intelligence Platform','2019-06-21 11:39:39',NULL,1,'configs','i18n','Artificial Intelligence Platform','人工智能平台','zh-cn',0,0,1),(60,'configs.i18n.Bao','2019-06-21 11:40:56',NULL,1,'configs','i18n','Bao','小宝','zh-cn',0,0,1),(61,'configs.i18n.Login','2019-06-21 11:41:31',NULL,1,'configs','i18n','Login','登录','zh-cn',0,0,1),(62,'configs.i18n.Remember','2019-06-21 11:46:17',NULL,1,'configs','i18n','Remember','记住','zh-cn',0,0,1),(63,'configs.i18n.Account','2019-06-21 11:46:49',NULL,1,'configs','i18n','Account','账号','zh-cn',0,0,1),(64,'configs.i18n.Password','2019-06-21 11:47:04',NULL,1,'configs','i18n','Password','密码','zh-cn',0,0,1),(65,'configs.i18n.Wechat','2019-06-21 11:48:30',NULL,1,'configs','i18n','Wechat','微信','zh-cn',0,0,1),(66,'configs.i18n.Forget the Password','2019-06-21 11:50:53',NULL,1,'configs','i18n','Forget the Password','忘记密码','zh-cn',0,0,1),(67,'configs.i18n.Create new user','2019-06-21 11:51:40',NULL,1,'configs','i18n','Create new user','创建新用户','zh-cn',0,0,1),(68,'configs.i18n.Copyright','2019-06-21 11:53:41',NULL,1,'configs','i18n','Copyright','版权所有','zh-cn',0,0,1),(69,'configs.i18n.Guangzhou Yuanbao Network Limited company','2019-06-21 11:55:53',NULL,1,'configs','i18n','Guangzhou Yuanbao Network Limited company','广州源宝网络有限公司','zh-cn',0,0,1),(70,'configs.i18n.Register','2019-06-21 11:58:18',NULL,1,'configs','i18n','Register','注册','zh-cn',0,0,1),(71,'configs.i18n.Confirm Password','2019-06-21 12:00:00',NULL,1,'configs','i18n','Confirm Password','确认密码','zh-cn',0,0,1),(72,'configs.i18n.Agree License','2019-06-21 12:02:31',NULL,1,'configs','i18n','Agree License','同意协议','zh-cn',0,0,1),(73,'configs.i18n.Choose to agree to the License','2019-06-21 13:02:03','2019-06-21 13:04:18',1,'configs','i18n','Choose to agree to the License','请选择同意协议','zh-cn',0,0,1),(74,'configs.i18n.Log in with an existing account','2019-06-21 13:07:26',NULL,1,'configs','i18n','Log in with an existing account','使用现有账号登录','zh-cn',0,0,1),(75,'configs.i18n.Retrieve the password through the email','2019-06-21 13:09:19',NULL,1,'configs','i18n','Retrieve the password through the email','通过邮件找回密码','zh-cn',0,0,1),(76,'configs.i18n.Retrieve password','2019-06-21 13:10:11','2019-06-21 13:52:41',1,'configs','i18n','Retrieve password','找回密码','zh-cn',0,0,1),(77,'configs.i18n.The system complies with Apache 2.0 protocol','2019-06-21 13:11:57',NULL,1,'configs','i18n','The system complies with Apache 2.0 protocol','本系统遵守Apache 2.0协议','zh-cn',0,0,1),(78,'configs.i18n.required','2019-06-21 13:37:07',NULL,1,'configs','i18n','required','不能为空','zh-cn',0,0,1),(79,'configs.i18n.Format error','2019-06-21 13:38:13',NULL,1,'configs','i18n','Format error','格式错误','zh-cn',0,0,1),(80,'configs.i18n.At least 3 characters','2019-06-21 13:42:38',NULL,1,'configs','i18n','At least 3 characters','至少3个字符','zh-cn',0,0,1),(81,'configs.i18n.Confirm that the password must be the same as the password','2019-06-21 13:43:49',NULL,1,'configs','i18n','Confirm that the password must be the same as the password','确认密码须和密码一致','zh-cn',0,0,1),(82,'configs.i18n.Capital letters, lowercase letters, or numbers, 3 to 18 characters in length','2019-06-21 13:45:23',NULL,1,'configs','i18n','Capital letters, lowercase letters, or numbers, 3 to 18 characters in length','大写字母、小写字母、_或者数字组成，长度3至18个字符','zh-cn',0,0,1),(83,'configs.i18n.agreement','2019-06-21 13:49:26','2019-06-21 13:56:16',1,'configs','i18n','agreement','本系统遵守Apache 2.0协议<br>\n版权所有：广州源宝网络有限公司 (http://www.ybao.org)<br>\n系统官网：http://www.baoai.co','zh-cn',0,0,1),(84,'configs.i18n.agreement','2019-06-21 13:50:14','2019-06-21 13:55:51',1,'configs','i18n','agreement','The system complies with Apache 2.0 protocol<br>\nCopyright: Guangzhou Yuanbao Network Co., Ltd. (http://www.ybao.org)<br>\nSystem Official Website: http://www.baoai.co','en',0,0,1),(85,'configs.i18n.Retrieve','2019-06-21 13:54:10',NULL,1,'configs','i18n','Retrieve','找回','zh-cn',0,0,1),(86,'configs.i18n.License','2019-06-21 14:12:25',NULL,1,'configs','i18n','License','协议','zh-cn',0,0,1),(87,'configs.i18n.Website','2019-06-21 15:01:23','2019-06-21 15:05:27',1,'configs','i18n','Website','官网','zh-cn',0,0,1),(88,'configs.i18n.Document','2019-06-21 15:01:43',NULL,1,'configs','i18n','Document','文档','zh-cn',0,0,1),(89,'configs.i18n.Code','2019-06-21 15:02:15',NULL,1,'configs','i18n','Code','源码','zh-cn',0,0,1),(90,'configs.i18n.Profile','2019-06-21 15:03:24',NULL,1,'configs','i18n','Profile','账号信息','zh-cn',0,0,1),(91,'configs.i18n.Exit','2019-06-21 15:04:03',NULL,1,'configs','i18n','Exit','退出','zh-cn',0,0,1),(92,'configs.i18n.Update Avatar','2019-06-23 11:37:34',NULL,1,'configs','i18n','Update Avatar','更新头像','zh-cn',0,0,1),(93,'configs.i18n.Upload','2019-06-23 11:37:51',NULL,1,'configs','i18n','Upload','上传','zh-cn',0,0,1),(94,'configs.i18n.Token Error','2019-06-23 14:51:22',NULL,1,'configs','i18n','Token Error','令牌错误','zh-cn',0,0,1),(95,'configs.i18n.Re-login','2019-06-23 14:51:52',NULL,1,'configs','i18n','Re-login','重新登录','zh-cn',0,0,1),(96,'configs.i18n.Get New Token Again','2019-06-23 14:52:21',NULL,1,'configs','i18n','Get New Token Again','获取新授权令牌','zh-cn',0,0,1),(97,'configs.i18n.Token Update Successful','2019-06-23 14:53:04',NULL,1,'configs','i18n','Token Update Successful','令牌更新成功','zh-cn',0,0,1),(98,'configs.i18n.Token Update Failed','2019-06-23 14:53:54',NULL,1,'configs','i18n','Token Update Failed','令牌更新失败','zh-cn',0,0,1),(99,'configs.i18n.No Access','2019-06-23 14:55:14',NULL,1,'configs','i18n','No Access','没有权限','zh-cn',0,0,1),(100,'configs.i18n.Login Fail','2019-06-23 17:35:06',NULL,1,'configs','i18n','Login Fail','登录失败','zh-cn',0,0,1),(101,'configs.i18n.Internal Server Error','2019-06-23 17:38:08',NULL,1,'configs','i18n','Internal Server Error','内部服务错误','zh-cn',0,0,1),(102,'configs.i18n.Register Success','2019-06-23 17:39:24',NULL,1,'configs','i18n','Register Success','注册成功','zh-cn',0,0,1),(103,'configs.i18n.Register Fail','2019-06-23 17:41:10',NULL,1,'configs','i18n','Register Fail','注册失败','zh-cn',0,0,1),(104,'configs.i18n.Password Retrieved Successfully','2019-06-23 17:43:04',NULL,1,'configs','i18n','Password Retrieved Successfully','密码找回成功','zh-cn',0,0,1),(105,'configs.i18n.Password Retrieval Failed','2019-06-23 17:45:04',NULL,1,'configs','i18n','Password Retrieval Failed','密码找回失败','zh-cn',0,0,1),(106,'configs.i18n.Success','2019-06-25 16:01:07',NULL,1,'configs','i18n','Success','成功','zh-cn',0,0,1),(107,'configs.i18n.Fail','2019-06-25 16:01:22',NULL,1,'configs','i18n','Fail','失败','zh-cn',0,0,1),(108,'configs.i18n.Top','2019-06-25 16:04:21',NULL,1,'configs','i18n','Top','顶层','zh-cn',0,0,1),(109,'configs.i18n.The system is reserved and cannot be deleted','2019-06-25 16:05:45',NULL,1,'configs','i18n','The system is reserved and cannot be deleted','系统保留，无法删除','zh-cn',0,0,1),(110,'configs.i18n.Are you sure you want to delete the selected record','2019-06-25 16:07:15',NULL,1,'configs','i18n','Are you sure you want to delete the selected record','确定要删除所选择的记录吗','zh-cn',0,0,1),(111,'configs.i18n.OK','2019-06-25 16:07:45',NULL,1,'configs','i18n','OK','确定','zh-cn',0,0,1),(112,'configs.i18n.Cancel','2019-06-25 16:07:59',NULL,1,'configs','i18n','Cancel','取消','zh-cn',0,0,1),(113,'configs.resources.Test','2019-06-26 14:55:04',NULL,1,'configs','resources','Test','测试','zh-cn',0,0,1),(114,'configs.resources.lower case letters (begin), _ or numbers,2 to 50 characters in length','2019-06-26 15:35:25','2019-06-26 15:41:01',1,'configs','resources','lower case letters (begin), _ or numbers,2 to 50 characters in length','小写字母、_或者数字组成，小写字母开头，长度2至50个字符','zh-cn',0,0,1),(116,'configs.i18n.Layout Options','2019-06-26 16:10:08',NULL,1,'configs','i18n','Layout Options','布局选项','zh-cn',0,0,1),(117,'configs.i18n.Fixed layout','2019-06-26 16:10:39',NULL,1,'configs','i18n','Fixed layout','固定布局','zh-cn',0,0,1),(119,'configs.i18n.Boxed Layout','2019-06-26 16:11:44',NULL,1,'configs','i18n','Boxed Layout','盒子布局','zh-cn',0,0,1),(120,'configs.i18n.Activate the boxed layout','2019-06-26 16:12:11',NULL,1,'configs','i18n','Activate the boxed layout','激活盒子布局','zh-cn',0,0,1),(121,'configs.i18n.Toggle Sidebar','2019-06-26 16:13:19',NULL,1,'configs','i18n','Toggle Sidebar','切换侧边栏','zh-cn',0,0,1),(123,'configs.i18n.Sidebar Expand on Hover','2019-06-26 16:14:01',NULL,1,'configs','i18n','Sidebar Expand on Hover','左侧边栏悬停','zh-cn',0,0,1),(124,'configs.i18n.Let the sidebar mini expand on hover','2019-06-26 16:14:23',NULL,1,'configs','i18n','Let the sidebar mini expand on hover','让左侧边栏悬停时展开','zh-cn',0,0,1),(125,'configs.i18n.Toggle Right Sidebar Slide','2019-06-26 16:15:02','2019-06-26 16:16:26',1,'configs','i18n','Toggle Right Sidebar Slide','切换右侧操作栏','zh-cn',0,0,1),(126,'configs.i18n.Toggle between slide over content and push content effects','2019-06-26 16:17:12',NULL,1,'configs','i18n','Toggle between slide over content and push content effects','切换右侧操作栏覆盖或独占','zh-cn',0,0,1),(127,'configs.i18n.Toggle Right Sidebar Skin','2019-06-26 16:17:42',NULL,1,'configs','i18n','Toggle Right Sidebar Skin','切换右侧操作栏背景','zh-cn',0,0,1),(128,'configs.i18n.Toggle between dark and light skins for the right sidebar','2019-06-26 16:18:03',NULL,1,'configs','i18n','Toggle between dark and light skins for the right sidebar','右侧操作栏背景亮色或深色切换','zh-cn',0,0,1),(129,'configs.i18n.Skins','2019-06-26 16:18:44',NULL,1,'configs','i18n','Skins','换肤','zh-cn',0,0,1),(130,'configs.i18n.Activate the fixed layout. You can not use fixed and boxed layouts together','2019-06-26 21:27:15','2019-06-26 21:28:51',1,'configs','i18n','Activate the fixed layout. You can not use fixed and boxed layouts together','盒子模型和固定布局不能同时启作用','zh-cn',0,0,1),(131,'configs.i18n.Toggle the left sidebar state (open or collapse)','2019-06-26 21:31:33',NULL,1,'configs','i18n','Toggle the left sidebar state (open or collapse)','切换菜单栏的展示或收起','zh-cn',0,0,1),(132,'configs.i18n.All rights reserved','2019-06-26 21:45:22',NULL,1,'configs','i18n','All rights reserved','版权所有','zh-cn',0,0,1),(133,'configs.i18n.Super Administrator','2019-06-27 17:14:54',NULL,1,'configs','i18n','Super Administrator','超级管理员','zh-cn',0,0,1),(134,'configs.i18n.General Administrator','2019-06-27 17:15:22',NULL,1,'configs','i18n','General Administrator','普通管理员','zh-cn',0,0,1),(135,'configs.i18n.Test','2019-06-27 17:39:20',NULL,1,'configs','i18n','Test','测试','zh-cn',0,0,1),(136,'configs.i18n.Username','2019-06-27 18:01:01',NULL,1,'configs','i18n','Username','用户名','zh-cn',0,0,1),(137,'configs.i18n.password do not match','2019-06-27 18:14:29',NULL,1,'configs','i18n','password do not match','密码不一致','zh-cn',0,0,1),(138,'configs.i18n.Nickname','2019-06-27 19:11:18',NULL,1,'configs','i18n','Nickname','昵称','zh-cn',0,0,1),(139,'configs.i18n.Own RBAC','2019-06-28 13:51:07',NULL,1,'configs','i18n','Own RBAC','自身权限','zh-cn',0,0,1),(140,'configs.i18n.All RBAC','2019-06-28 13:51:31',NULL,1,'configs','i18n','All RBAC','所有权限','zh-cn',0,0,1),(141,'configs.i18n.Language','2019-06-28 15:24:31',NULL,1,'configs','i18n','Language','语言','zh-cn',0,0,1),(142,'configs.i18n.Module','2019-06-28 15:25:24',NULL,1,'configs','i18n','Module','模块','zh-cn',0,0,1),(143,'configs.i18n.Section','2019-06-28 15:26:04',NULL,1,'configs','i18n','Section','类别','zh-cn',0,0,1),(144,'configs.i18n.Key','2019-06-28 15:26:40',NULL,1,'configs','i18n','Key','键','zh-cn',0,0,1),(145,'configs.i18n.Value','2019-06-28 15:26:59',NULL,1,'configs','i18n','Value','值','zh-cn',0,0,1),(146,'configs.i18n.Reference Top 10','2019-06-28 15:29:06',NULL,1,'configs','i18n','Reference Top 10','参考前10','zh-cn',0,0,1),(147,'configs.i18n.lower case letters (begin), _ or numbers,2 to 50 characters in length','2019-06-28 15:54:32','2019-07-02 16:06:20',1,'configs','i18n','lower case letters (begin), _ or numbers,2 to 50 characters in length','小写字母、_或者数字组成，小写字母开头，长度2至50个字符','zh-cn',0,0,1),(148,'configs.i18n.Choice Picture','2019-06-30 15:51:56',NULL,1,'configs','i18n','Choice Picture','选择图片','zh-cn',0,0,1),(149,'configs.i18n.Choice File','2019-06-30 15:52:48',NULL,1,'configs','i18n','Choice File','选择文件','zh-cn',0,0,1),(150,'configs.i18n.Start Uploading','2019-06-30 15:53:54',NULL,1,'configs','i18n','Start Uploading','开始上传','zh-cn',0,0,1),(151,'configs.i18n.File Type','2019-06-30 15:57:15',NULL,1,'configs','i18n','File Type','文件类型','zh-cn',0,0,1),(152,'configs.i18n.Size','2019-06-30 15:57:35',NULL,1,'configs','i18n','Size','大小','zh-cn',0,0,1),(153,'configs.i18n.Storage','2019-06-30 15:58:04',NULL,1,'configs','i18n','Storage','存储','zh-cn',0,0,1),(154,'configs.i18n.Image Width','2019-06-30 15:58:27',NULL,1,'configs','i18n','Image Width','图像宽度','zh-cn',0,0,1),(155,'configs.i18n.Image Height','2019-06-30 15:58:49',NULL,1,'configs','i18n','Image Height','图像高度','zh-cn',0,0,1),(156,'configs.i18n.Upload failure','2019-06-30 16:12:11',NULL,1,'configs','i18n','Upload failure','上传失败','zh-cn',0,0,1),(157,'configs.i18n.Uploading','2019-06-30 16:18:17',NULL,1,'configs','i18n','Uploading','上传中','zh-cn',0,0,1),(158,'configs.i18n.Uploaded','2019-06-30 16:19:26',NULL,1,'configs','i18n','Uploaded','已上传','zh-cn',0,0,1),(159,'configs.i18n.Suspend upload','2019-06-30 16:20:58',NULL,1,'configs','i18n','Suspend upload','暂停上传','zh-cn',0,0,1),(160,'configs.i18n.Waiting for upload','2019-06-30 16:23:42',NULL,1,'configs','i18n','Waiting for upload','等待上传','zh-cn',0,0,1),(161,'configs.i18n.Preview','2019-06-30 16:30:12',NULL,1,'configs','i18n','Preview','预览','zh-cn',0,0,1),(162,'configs.i18n.education','2019-06-30 17:53:10',NULL,1,'configs','i18n','education','教育','zh-cn',0,0,1),(163,'configs.i18n.location','2019-06-30 17:54:35',NULL,1,'configs','i18n','location','位置','zh-cn',0,0,1),(164,'configs.i18n.Skills','2019-06-30 17:55:59',NULL,1,'configs','i18n','Skills','技能','zh-cn',0,0,1),(165,'configs.i18n.Motto','2019-06-30 17:56:50',NULL,1,'configs','i18n','Motto','座佑铭','zh-cn',0,0,1),(166,'configs.i18n.Basic','2019-06-30 17:59:03','2019-06-30 17:59:36',1,'configs','i18n','Basic','基本','zh-cn',0,0,1),(167,'configs.i18n.Detail','2019-06-30 17:59:24',NULL,1,'configs','i18n','Detail','详细','zh-cn',0,0,1),(168,'configs.i18n.Postcode','2019-06-30 18:04:52',NULL,1,'configs','i18n','Postcode','邮编','zh-cn',0,0,1),(169,'configs.i18n.Mobilephone','2019-06-30 18:05:23',NULL,1,'configs','i18n','Mobilephone','手机','zh-cn',0,0,1),(170,'configs.i18n.Tel','2019-06-30 18:05:55',NULL,1,'configs','i18n','Tel','固话','zh-cn',0,0,1),(171,'configs.i18n.Birthday','2019-06-30 18:07:04',NULL,1,'configs','i18n','Birthday','生日','zh-cn',0,0,1),(172,'configs.i18n.ID Number','2019-06-30 18:07:40',NULL,1,'configs','i18n','ID Number','身份证','zh-cn',0,0,1),(173,'configs.i18n.Weibo','2019-06-30 18:08:07',NULL,1,'configs','i18n','Weibo','微博','zh-cn',0,0,1),(174,'configs.i18n.Weixin','2019-06-30 18:08:32',NULL,1,'configs','i18n','Weixin','微信','zh-cn',0,0,1),(175,'configs.i18n.Lastname','2019-06-30 18:09:21',NULL,1,'configs','i18n','Lastname','姓','zh-cn',0,0,1),(176,'configs.i18n.Firstname','2019-06-30 18:09:37',NULL,1,'configs','i18n','Firstname','名','zh-cn',0,0,1),(177,'configs.i18n.Click Edit','2019-06-30 18:11:01',NULL,1,'configs','i18n','Click Edit','点击编辑','zh-cn',0,0,1),(178,'configs.i18n.User ID','2019-07-01 15:20:43',NULL,1,'configs','i18n','User ID','用户ID','zh-cn',0,0,1),(179,'configs.i18n.Referer','2019-07-01 15:21:35',NULL,1,'configs','i18n','Referer','来源','zh-cn',0,0,1),(180,'configs.i18n.Description','2019-07-01 15:22:51',NULL,1,'configs','i18n','Description','说明','zh-cn',0,0,1),(181,'configs.i18n.Created Time','2019-07-01 15:24:45',NULL,1,'configs','i18n','Created Time','创建时间','zh-cn',0,0,1),(182,'configs.i18n.Autocode','2019-07-02 09:09:49','2019-07-02 09:10:53',1,'configs','i18n','Autocode','自动代码','zh-cn',0,0,1),(183,'configs.i18n.Module Class','2019-07-02 11:42:35',NULL,1,'configs','i18n','Module Class','模块类名','zh-cn',0,0,1),(184,'configs.i18n.Table Name','2019-07-02 11:42:57',NULL,1,'configs','i18n','Table Name','表名','zh-cn',0,0,1),(185,'configs.i18n.Module Set','2019-07-02 14:59:46',NULL,1,'configs','i18n','Module Set','模块设置','zh-cn',0,0,1),(186,'configs.i18n.Author','2019-07-02 16:23:44',NULL,1,'configs','i18n','Author','作者','zh-cn',0,0,1),(187,'configs.i18n.Project','2019-07-02 16:24:12',NULL,1,'configs','i18n','Project','项目','zh-cn',0,0,1),(188,'configs.i18n.Model Set','2019-07-03 09:14:50',NULL,1,'configs','i18n','Model Set','模型设置','zh-cn',0,0,1),(189,'configs.i18n.Name','2019-07-03 09:35:14',NULL,1,'configs','i18n','Name','名称','zh-cn',0,0,1),(190,'configs.i18n.Type','2019-07-03 09:36:00',NULL,1,'configs','i18n','Type','类型','zh-cn',0,0,1),(191,'configs.i18n.Default','2019-07-03 09:36:18',NULL,1,'configs','i18n','Default','缺省','zh-cn',0,0,1),(192,'configs.i18n.Unique','2019-07-03 09:36:37',NULL,1,'configs','i18n','Unique','唯一','zh-cn',0,0,1),(193,'configs.i18n.An optional value per row','2019-07-04 10:31:40',NULL,1,'configs','i18n','An optional value per row','每行一个可选值','zh-cn',0,0,1),(194,'configs.i18n.Generate','2019-07-04 10:40:13',NULL,1,'configs','i18n','Generate','产生','zh-cn',0,0,1),(195,'configs.i18n.Autocode Generate','2019-07-09 10:42:22',NULL,1,'configs','i18n','Autocode Generate','自动产生代码','zh-cn',0,0,1),(196,'configs.i18n.Modules List','2019-07-10 09:50:04',NULL,1,'configs','i18n','Modules List','模块列表','zh-cn',0,0,1),(197,'configs.i18n.Migrate','2019-07-14 23:20:31',NULL,1,'configs','i18n','Migrate','迁移','zh-cn',0,0,1),(198,'configs.i18n.Upgrade','2019-07-14 23:20:47',NULL,1,'configs','i18n','Upgrade','升级','zh-cn',0,0,1),(199,'configs.i18n.Are you sure you want to Migrate','2019-07-14 23:32:59',NULL,1,'configs','i18n','Are you sure you want to Migrate','确定是否迁移','zh-cn',0,0,1),(200,'configs.i18n.Are you sure you want to Upgrade','2019-07-14 23:33:27',NULL,1,'configs','i18n','Are you sure you want to Upgrade','确定是否升级','zh-cn',0,0,1),(201,'configs.i18n.Model','2019-07-15 09:53:58',NULL,1,'configs','i18n','Model','模型','zh-cn',0,0,1),(202,'configs.i18n.Are you sure you want to generate resources','2019-07-15 15:41:46',NULL,1,'configs','i18n','Are you sure you want to generate resources','确定产生资源','zh-cn',0,0,1),(203,'configs.i18n.Parameter','2019-07-15 17:48:59',NULL,1,'configs','i18n','Parameter','参数','zh-cn',0,0,1),(204,'configs.i18n.Downgrade','2019-07-16 11:06:34',NULL,1,'configs','i18n','Downgrade','降级','zh-cn',0,0,1),(205,'configs.i18n.Revision','2019-07-16 18:01:07',NULL,1,'configs','i18n','Revision','版本','zh-cn',0,0,1),(206,'configs.i18n.Migrations','2019-07-16 18:01:52',NULL,1,'configs','i18n','Migrations','数据迁移','zh-cn',0,0,1),(207,'configs.i18n.Switch','2019-07-16 18:20:46',NULL,1,'configs','i18n','Switch','切换','zh-cn',0,0,1),(208,'configs.i18n.Image','2019-07-17 15:58:35',NULL,1,'configs','i18n','Image','图像','zh-cn',0,0,1),(209,'configs.i18n.File','2019-07-17 15:58:52',NULL,1,'configs','i18n','File','文件','zh-cn',0,0,1),(210,'configs.i18n.Cover','2019-07-17 17:34:22',NULL,1,'configs','i18n','Cover','封面','zh-cn',0,0,1),(211,'configs.i18n.Please Choice','2019-07-18 16:54:21',NULL,1,'configs','i18n','Please Choice','请选择','zh-cn',0,0,1),(212,'configs.i18n.Relation','2019-07-25 16:45:04',NULL,1,'configs','i18n','Relation','关联','zh-cn',0,0,1),(213,'configs.i18n.Add Relation','2019-08-01 17:11:27','2019-08-01 17:12:23',1,'configs','i18n','Add Relation','增加关联','zh-cn',0,0,1),(214,'configs.i18n.Delete Relation','2019-08-01 17:11:48',NULL,1,'configs','i18n','Delete Relation','删除关联','zh-cn',0,0,1),(215,'configs.i18n.Relation List','2019-08-01 17:12:09',NULL,1,'configs','i18n','Relation List','关联列表','zh-cn',0,0,1),(216,'configs.i18n.Tree','2019-08-01 17:34:22',NULL,1,'configs','i18n','Tree','树','zh-cn',0,0,1),(217,'resources.i18n.Article','2019-08-02 15:06:24',NULL,1,'resources','i18n','Article','文章','zh-cn',0,0,1),(218,'article.i18n.Article','2019-08-02 16:03:24','2019-08-02 22:15:08',1,'article','i18n','Article','文章','zh-cn',0,10,1),(219,'test.i18n.Test','2019-08-02 16:17:08',NULL,1,'test','i18n','Test','测试','zh-cn',0,0,1),(220,'configs.i18n.Are you sure you want to add','2019-08-03 17:25:55',NULL,1,'configs','i18n','Are you sure you want to add','是否新增','zh-cn',0,0,1),(221,'configs.i18n.Demo','2019-08-03 17:34:04',NULL,1,'configs','i18n','Demo','演示','zh-cn',0,0,1),(222,'configs.i18n.Temp','2019-08-04 08:31:00',NULL,1,'configs','i18n','Temp','临时','zh-cn',0,0,1),(223,'configs.i18n.Locked','2019-08-04 08:58:14',NULL,1,'configs','i18n','Locked','锁定','zh-cn',0,0,1),(224,'configs.i18n.Unlocked','2019-08-04 08:58:51','2019-08-04 08:59:40',1,'configs','i18n','Unlocked','未锁','zh-cn',0,0,1),(225,'category.i18n.Multiple keywords are separated by commas','2019-08-05 15:27:16',NULL,1,'category','i18n','Multiple keywords are separated by commas','多关键字用逗号分隔','zh-cn',0,0,1),(226,'configs.i18n.Alias','2019-08-05 15:34:48',NULL,1,'configs','i18n','Alias','别名','zh-cn',0,0,1),(227,'configs.i18n.Link','2019-08-05 15:35:13',NULL,1,'configs','i18n','Link','链接','zh-cn',0,0,1),(228,'configs.i18n.Keywords','2019-08-05 15:35:47',NULL,1,'configs','i18n','Keywords','关键字','zh-cn',0,0,1),(229,'configs.i18n.Category','2019-08-05 15:37:12',NULL,1,'configs','i18n','Category','分类','zh-cn',0,0,1),(230,'configs.i18n.Content','2019-08-05 15:38:08',NULL,1,'configs','i18n','Content','内容','zh-cn',0,0,1),(231,'articles.i18n.Related','2019-08-07 10:28:14',NULL,1,'articles','i18n','Related','相关','zh-cn',0,0,1),(232,'configs.i18n.Add Attachment','2019-08-11 13:46:32','2019-08-11 14:02:06',1,'configs','i18n','Add Attachment','选择文件','zh-cn',0,0,1),(233,'configs.i18n.Select multiple files at the same time or no files at the same time','2019-08-11 13:47:12','2019-08-11 13:53:35',1,'configs','i18n','Select multiple files at the same time or no files at the same time','同时选择多个文件或没有选择文件','zh-cn',0,0,1),(234,'configs.i18n.attachment','2019-08-11 14:00:34','2019-08-11 14:01:51',1,'configs','i18n','attachment','附件','zh-cn',0,0,1),(235,'iris.i18n.sepal length','2019-08-23 16:39:25',NULL,1,'iris','i18n','sepal length','萼片长度','zh-cn',0,0,1),(236,'iris.i18n.sepal width','2019-08-23 16:40:23',NULL,1,'iris','i18n','sepal width','萼片宽度','zh-cn',0,0,1),(237,'iris.i18n.petal length','2019-08-23 16:41:03',NULL,1,'iris','i18n','petal length','花瓣长度','zh-cn',0,0,1),(238,'iris.i18n.petal width','2019-08-23 16:41:35',NULL,1,'iris','i18n','petal width','花瓣宽度','zh-cn',0,0,1),(239,'iris.i18n.iris class','2019-08-23 16:42:50',NULL,1,'iris','i18n','iris class','鸢尾花类','zh-cn',0,0,1),(240,'iris.i18n.iris','2019-08-23 16:43:47',NULL,1,'iris','i18n','iris','鸢尾花','zh-cn',0,0,1),(241,'configs.i18n.order','2019-08-27 11:13:49',NULL,1,'configs','i18n','order','排序','zh-cn',0,0,1),(242,'configs.i18n.Are you sure you want to reorder for all record','2019-08-27 11:14:40',NULL,1,'configs','i18n','Are you sure you want to reorder for all record','确定将所有记录重新排序吗','zh-cn',0,0,1),(243,'configs.i18n.Tasks','2019-08-27 11:21:13',NULL,1,'configs','i18n','Tasks','任务','zh-cn',0,0,1),(244,'category.i18n.Stock Data','2019-09-09 13:55:41',NULL,1,'category','i18n','Stock Data','股票数据','zh-cn',0,0,1),(245,'quant_stockcode.i18n.Code','2019-09-23 08:13:35',NULL,1,'quant_stockcode','i18n','Code','证券编码','zh-cn',0,0,1),(246,'quant_stockcode.i18n.Shanghai Composite Index','2019-10-04 02:16:48',NULL,1,'quant_stockcode','i18n','Shanghai Composite Index','上证指数','zh-cn',0,0,1),(247,'quant_stockcode.i18n.Open','2019-10-04 02:17:34',NULL,1,'quant_stockcode','i18n','Open','开盘价','zh-cn',0,0,1),(248,'quant_stockcode.i18n.Close','2019-10-04 02:17:51',NULL,1,'quant_stockcode','i18n','Close','收盘价','zh-cn',0,0,1),(249,'quant_stockcode.i18n.Lowest','2019-10-04 02:18:26',NULL,1,'quant_stockcode','i18n','Lowest','最低价','zh-cn',0,0,1),(250,'quant_stockcode.i18n.Highest','2019-10-04 02:18:48',NULL,1,'quant_stockcode','i18n','Highest','最高价','zh-cn',0,0,1),(251,'quant_category.i18n.Select Stock Task','2019-10-28 06:42:02','2019-12-03 03:32:05',1,'quant_category','i18n','Select Stock Task','量化选择任务','zh-cn',0,0,1),(252,'quant_category.i18n.Quant Stock Task','2019-10-28 06:42:35',NULL,1,'quant_category','i18n','Quant Stock Task','分析器','zh-cn',0,0,1),(253,'quant_stockcode.i18n.Stock Exchange Code','2019-10-31 03:31:17','2019-10-31 03:32:34',1,'quant_stockcode','i18n','Stock Exchange Code','金融数据分类','zh-cn',0,0,1),(254,'quant_stockcode.i18n.Stock Exchange','2019-10-31 03:34:42',NULL,1,'quant_stockcode','i18n','Stock Exchange','交易所','zh-cn',0,-5,1),(255,'quant_stockcode.i18n.Day KLine','2019-10-31 03:35:49',NULL,1,'quant_stockcode','i18n','Day KLine','日线','zh-cn',0,0,1),(256,'quant_stockcode.i18n.Week KLine','2019-10-31 03:36:13',NULL,1,'quant_stockcode','i18n','Week KLine','周线','zh-cn',0,0,1),(257,'quant_stockcode.i18n.Month KLine','2019-10-31 03:36:34',NULL,1,'quant_stockcode','i18n','Month KLine','月线','zh-cn',0,0,1),(258,'quant_stockcode.i18n.Year KLine','2019-10-31 03:36:56',NULL,1,'quant_stockcode','i18n','Year KLine','年线','zh-cn',0,0,1),(259,'quant_category.i18n.Trader','2019-11-17 12:47:17',NULL,1,'quant_category','i18n','Trader','交易员','zh-cn',0,0,1),(260,'quant_category.i18n.Cash','2019-11-24 14:51:45',NULL,1,'quant_category','i18n','Cash','现金','zh-cn',0,0,1),(261,'quant_category.i18n.Slippage','2019-11-24 14:52:17',NULL,1,'quant_category','i18n','Slippage','滑点','zh-cn',0,0,1),(262,'quant_category.i18n.Size','2019-11-24 14:52:45',NULL,1,'quant_category','i18n','Size','数量','zh-cn',0,0,1),(263,'quant_category.i18n.Stop Trail','2019-11-24 14:53:17',NULL,1,'quant_category','i18n','Stop Trail','跟踪止损','zh-cn',0,0,1),(264,'quant_category.i18n.Commission','2019-11-24 14:53:45',NULL,1,'quant_category','i18n','Commission','佣金','zh-cn',0,0,1),(265,'configs.i18n.Notice','2019-11-30 01:54:15','2020-02-02 09:44:14',1,'configs','i18n','Notice','通知管理','zh-cn',0,0,1),(266,'quant_category.i18n.Select Asset','2019-12-03 03:46:07',NULL,1,'quant_category','i18n','Select Asset','资产类型','zh-cn',0,0,1),(267,'quant_category.i18n.Select Area','2019-12-03 04:04:45',NULL,1,'quant_category','i18n','Select Area','区域','zh-cn',0,0,1),(268,'quant_category.i18n.Select Industry','2019-12-03 04:05:05',NULL,1,'quant_category','i18n','Select Industry','行业','zh-cn',0,0,1),(269,'quant_category.i18n.Select Exchange','2019-12-03 04:05:27',NULL,1,'quant_category','i18n','Select Exchange','交易所','zh-cn',0,0,1),(270,'quant_category.i18n.Select Market','2019-12-03 04:14:15',NULL,1,'quant_category','i18n','Select Market','市场','zh-cn',0,0,1),(271,'quant_category.i18n.Select Is HS','2019-12-03 04:15:05',NULL,1,'quant_category','i18n','Select Is HS','沪或深股通','zh-cn',0,0,1),(272,'quant_category.i18n.Select Code','2019-12-03 04:15:38',NULL,1,'quant_category','i18n','Select Code','自选代码','zh-cn',0,0,1),(273,'quant_category.i18n.Select Code Like','2019-12-03 04:16:18',NULL,1,'quant_category','i18n','Select Code Like','代码模糊查询','zh-cn',0,0,1),(274,'quant_category.i18n.Select Name','2019-12-03 04:16:40',NULL,1,'quant_category','i18n','Select Name','资产名称','zh-cn',0,0,1),(275,'quant_category.i18n.Select Name Like','2019-12-03 04:17:07',NULL,1,'quant_category','i18n','Select Name Like','资产名称模糊查询','zh-cn',0,0,1),(276,'quant_category.i18n.Select Start Date','2019-12-03 04:17:28',NULL,1,'quant_category','i18n','Select Start Date','开始日期','zh-cn',0,0,1),(277,'quant_category.i18n.Select End Date','2019-12-03 04:17:50',NULL,1,'quant_category','i18n','Select End Date','结束日期','zh-cn',0,0,1),(278,'quant_category.i18n.Bars','2019-12-03 04:18:09',NULL,1,'quant_category','i18n','Bars','栏数','zh-cn',0,0,1),(279,'quant_category.i18n.Select Adj','2019-12-03 04:18:35',NULL,1,'quant_category','i18n','Select Adj','复权类型','zh-cn',0,0,1),(280,'quant_category.i18n.Select Freq','2019-12-03 04:18:59',NULL,1,'quant_category','i18n','Select Freq','数据采样频度','zh-cn',0,0,1),(281,'quant_category.i18n.Select Basic Indicator','2019-12-03 04:19:37',NULL,1,'quant_category','i18n','Select Basic Indicator','资产基础指标','zh-cn',0,0,1),(282,'quant_category.i18n.Select Strategy Category','2019-12-03 04:20:02',NULL,1,'quant_category','i18n','Select Strategy Category','选股策略分类','zh-cn',0,0,1),(283,'quant_category.i18n.Select Strategy','2019-12-03 04:20:22',NULL,1,'quant_category','i18n','Select Strategy','选股策略','zh-cn',0,0,1),(284,'quant_category.i18n.Select Indicator Category','2019-12-03 04:21:02',NULL,1,'quant_category','i18n','Select Indicator Category','策略中指标分类','zh-cn',0,0,1),(285,'quant_category.i18n.Select Indicator','2019-12-03 04:21:24',NULL,1,'quant_category','i18n','Select Indicator','策略中指标','zh-cn',0,0,1),(286,'quant_category.i18n.Select Indicator Of Talib','2019-12-03 04:21:53',NULL,1,'quant_category','i18n','Select Indicator Of Talib','策略中Talib专有指标','zh-cn',0,0,1),(287,'configs.i18n.CMS','2019-12-09 15:34:09',NULL,1,'configs','i18n','CMS','内容管理','zh-cn',0,0,1),(288,'configs.i18n.News','2019-12-09 15:35:16',NULL,1,'configs','i18n','News','新闻','zh-cn',0,0,1),(289,'configs.i18n.Books','2019-12-09 15:35:32',NULL,1,'configs','i18n','Books','手册','zh-cn',0,0,1),(290,'configs.i18n.Face Recognition','2019-12-09 15:36:13',NULL,1,'configs','i18n','Face Recognition','人脸识别','zh-cn',0,0,1),(291,'configs.i18n.Image Recognition','2019-12-09 15:36:33',NULL,1,'configs','i18n','Image Recognition','图像识别','zh-cn',0,0,1),(292,'configs.i18n.Navigation','2019-12-09 15:36:55',NULL,1,'configs','i18n','Navigation','导航条','zh-cn',0,0,1),(293,'configs.i18n.AI Learn','2019-12-09 15:37:13',NULL,1,'configs','i18n','AI Learn','AI学习','zh-cn',0,0,1),(294,'configs.i18n.Finance Basic Data','2019-12-09 15:38:07','2019-12-09 15:43:26',1,'configs','i18n','Finance Basic Data','金融数据采集','zh-cn',0,0,1),(295,'configs.i18n.Quant','2019-12-09 15:38:41',NULL,1,'configs','i18n','Quant','量化','zh-cn',0,0,1),(296,'configs.i18n.Tasks System','2019-12-09 15:40:09',NULL,1,'configs','i18n','Tasks System','任务系统','zh-cn',0,0,1),(297,'configs.i18n.Artificial Intelligence And Quant Platform','2019-12-10 01:06:20',NULL,1,'configs','i18n','Artificial Intelligence And Quant Platform','人工智能和量化平台','zh-cn',0,0,1),(298,'configs.i18n.You have','2019-12-10 02:23:58',NULL,1,'configs','i18n','You have','您有','zh-cn',0,0,1),(299,'configs.i18n.notifications','2019-12-10 02:24:15',NULL,1,'configs','i18n','notifications','通知','zh-cn',0,0,1),(300,'configs.i18n.You have notifications','2019-12-10 02:26:17',NULL,1,'configs','i18n','You have notifications','您有通知','zh-cn',0,0,1),(301,'configs.i18n.View all','2019-12-10 02:27:09',NULL,1,'configs','i18n','View all','查看所有','zh-cn',0,0,1),(302,'configs.i18n.Stock Data Update','2019-12-10 02:57:11',NULL,1,'configs','i18n','Stock Data Update','数据更新','zh-cn',0,0,1),(303,'configs.i18n.Stock Update Tasks','2019-12-10 02:57:44',NULL,1,'configs','i18n','Stock Update Tasks','更新任务','zh-cn',0,0,1),(304,'configs.i18n.Stock Update Schedules','2019-12-10 02:58:12',NULL,1,'configs','i18n','Stock Update Schedules','更新任务调度','zh-cn',0,0,1),(305,'configs.i18n.Stock Basic Data','2019-12-10 02:59:19',NULL,1,'configs','i18n','Stock Basic Data','股票基础数据','zh-cn',0,0,1),(306,'configs.i18n.Stock Basic Info','2019-12-10 02:59:47',NULL,1,'configs','i18n','Stock Basic Info','股票基础信息','zh-cn',0,0,1),(307,'configs.i18n.Trade Calendar','2019-12-10 03:00:19',NULL,1,'configs','i18n','Trade Calendar','交易日历','zh-cn',0,0,1),(308,'configs.i18n.Market Data','2019-12-10 03:00:43',NULL,1,'configs','i18n','Market Data','行情数据','zh-cn',0,0,1),(309,'configs.i18n.Financial Data','2019-12-10 03:01:16',NULL,1,'configs','i18n','Financial Data','金融数据','zh-cn',0,0,1),(310,'configs.i18n.Reference Data','2019-12-10 03:01:42',NULL,1,'configs','i18n','Reference Data','引用数据','zh-cn',0,0,1),(311,'configs.i18n.Stock Index','2019-12-10 03:02:09',NULL,1,'configs','i18n','Stock Index','指数','zh-cn',0,0,1),(312,'configs.i18n.港股','2019-12-10 03:02:55',NULL,1,'configs','i18n','港股',NULL,'zh-cn',0,0,1),(313,'configs.i18n.Financial News','2019-12-10 03:03:35',NULL,1,'configs','i18n','Financial News','财经新闻','zh-cn',0,0,1),(314,'configs.i18n.Hongkong Stock','2019-12-10 03:04:34',NULL,1,'configs','i18n','Hongkong Stock','港股','zh-cn',0,0,1),(315,'configs.i18n.Stock Daily','2019-12-10 03:05:43',NULL,1,'configs','i18n','Stock Daily','日线','zh-cn',0,0,1),(316,'configs.i18n.Quant Selector','2019-12-10 03:10:17',NULL,1,'configs','i18n','Quant Selector','量化选择器','zh-cn',0,0,1),(317,'configs.i18n.Quant Trade','2019-12-10 03:10:40',NULL,1,'configs','i18n','Quant Trade','量化交易','zh-cn',0,0,1),(318,'configs.i18n.Quant Tasks','2019-12-10 03:11:00',NULL,1,'configs','i18n','Quant Tasks','量化任务','zh-cn',0,0,1),(320,'configs.i18n.Quant Info','2019-12-10 03:11:43',NULL,1,'configs','i18n','Quant Info','量化信息','zh-cn',0,0,1),(321,'configs.i18n.Quant Follow','2019-12-10 03:12:04',NULL,1,'configs','i18n','Quant Follow','量化关注','zh-cn',0,0,1),(322,'configs.i18n.Quant Stock Code','2019-12-10 03:12:25',NULL,1,'configs','i18n','Quant Stock Code','量化证券代码','zh-cn',0,0,1),(323,'configs.i18n.Link Type','2019-12-10 06:51:47',NULL,1,'configs','i18n','Link Type','链接类型','zh-cn',0,0,1),(324,'configs.i18n.Inner Link','2019-12-10 06:54:10',NULL,1,'configs','i18n','Inner Link','内部链接','zh-cn',0,0,1),(325,'configs.i18n.Outer Link','2019-12-10 06:54:29',NULL,1,'configs','i18n','Outer Link','外部链接','zh-cn',0,0,1),(326,'configs.i18n.User Notice','2019-12-10 07:28:13',NULL,1,'configs','i18n','User Notice','用户通知','zh-cn',0,0,1),(327,'configs.i18n.Notice Content','2019-12-10 08:06:26',NULL,1,'configs','i18n','Notice Content','通知内容','zh-cn',0,0,1),(328,'configs.i18n.Task Info','2019-12-10 08:14:05',NULL,1,'configs','i18n','Task Info','任务信息','zh-cn',0,0,1),(329,'configs.i18n.Task Schedule','2019-12-10 08:14:30',NULL,1,'configs','i18n','Task Schedule','任务调度','zh-cn',0,0,1),(330,'configs.i18n.Multi-Columns Unique','2019-12-10 10:34:46',NULL,1,'configs','i18n','Multi-Columns Unique','多列唯一性限制','zh-cn',0,0,1),(331,'configs.i18n.Multi-Columns Index','2019-12-10 10:35:11',NULL,1,'configs','i18n','Multi-Columns Index','多列索引','zh-cn',0,0,1),(332,'configs.i18n.Articles','2019-12-10 11:25:56',NULL,1,'configs','i18n','Articles','文章','zh-cn',0,-1,1),(333,'configs.i18n.Form Builder','2019-12-10 11:26:19',NULL,1,'configs','i18n','Form Builder','表单设计器','zh-cn',0,0,1),(334,'configs.i18n.Template','2019-12-10 11:26:37',NULL,1,'configs','i18n','Template','模板','zh-cn',0,0,1),(335,'configs.i18n.Block','2019-12-10 11:27:06',NULL,1,'configs','i18n','Block','区块','zh-cn',0,0,1),(336,'configs.i18n.Comments','2019-12-10 11:27:36',NULL,1,'configs','i18n','Comments','评论','zh-cn',0,0,1),(337,'configs.i18n.CMS Layout','2019-12-10 11:28:09',NULL,1,'configs','i18n','CMS Layout','内容设计','zh-cn',0,0,1),(338,'configs.i18n.News Category','2019-12-10 11:45:05',NULL,1,'configs','i18n','News Category','新闻分类','zh-cn',0,0,1),(339,'configs.i18n.News Articles','2019-12-10 11:45:31',NULL,1,'configs','i18n','News Articles','新闻文章','zh-cn',0,0,1),(340,'configs.i18n.Books Category','2019-12-10 12:02:11',NULL,1,'configs','i18n','Books Category','手册分类','zh-cn',0,0,1),(341,'configs.i18n.Books Articles','2019-12-10 12:02:44',NULL,1,'configs','i18n','Books Articles','手册文章','zh-cn',0,0,1),(342,'configs.i18n.Index Navigation','2019-12-10 12:14:00',NULL,1,'configs','i18n','Index Navigation','首页导航','zh-cn',0,0,1),(343,'configs.i18n.Quant Task Schedule','2019-12-10 12:41:42',NULL,1,'configs','i18n','Quant Task Schedule','量化任务调度','zh-cn',0,0,1),(346,'configs.i18n.OK OR CANCEL','2020-01-04 08:53:37',NULL,1,'configs','i18n','OK OR CANCEL','确认或者取消','zh-cn',0,0,1),(347,'configs.i18n.Please Choice the book or the section','2020-01-05 07:06:10',NULL,1,'configs','i18n','Please Choice the book or the section','请选择相关手册或章节','zh-cn',0,0,1),(348,'configs.i18n.Please select the relevant news category','2020-01-05 07:22:31',NULL,1,'configs','i18n','Please select the relevant news category','请选择相关新闻分类','zh-cn',0,0,1),(349,'configs.i18n.Strategy Start Date','2020-01-10 07:28:06',NULL,1,'configs','i18n','Strategy Start Date','策略开始日期','zh-cn',0,0,1),(350,'configs.i18n.Strategy End Date','2020-01-10 07:28:32',NULL,1,'configs','i18n','Strategy End Date','策略结束日期','zh-cn',0,0,1),(351,'configs.i18n.Strategy Timeframe','2020-01-10 07:29:00',NULL,1,'configs','i18n','Strategy Timeframe','数据频度','zh-cn',0,0,1),(352,'configs.i18n.Bars','2020-01-10 07:29:24',NULL,1,'configs','i18n','Bars','栏数','zh-cn',0,0,1),(353,'configs.i18n.Select Adj','2020-01-10 07:29:52',NULL,1,'configs','i18n','Select Adj','选择复权方式','zh-cn',0,0,1),(354,'configs.i18n.Pre Adj','2020-01-10 07:30:16',NULL,1,'configs','i18n','Pre Adj','前复权','zh-cn',0,0,1),(355,'configs.i18n.Post Adj','2020-01-10 07:30:43',NULL,1,'configs','i18n','Post Adj','后复权','zh-cn',0,0,1),(356,'configs.i18n.AI And Quant Begins Here','2020-01-13 03:56:12',NULL,1,'configs','i18n','AI And Quant Begins Here','人工智能和量化从这开始','zh-cn',0,-1,1),(357,'configs.i18n.Bao AI And Quant Platform','2020-01-13 03:58:48',NULL,1,'configs','i18n','Bao AI And Quant Platform','小宝人工智能和量化平台','zh-cn',0,0,1),(358,'configs.i18n.baoai.title','2020-01-13 08:37:20',NULL,1,'configs','i18n','baoai.title','小宝人工智能和量化平台','zh-cn',0,0,1),(359,'configs.i18n.baoai.title','2020-01-13 08:41:03',NULL,1,'configs','i18n','baoai.title','Bao AI And Quant Platform','en',0,0,1),(360,'configs.i18n.web.copyright.time','2020-01-13 08:42:18',NULL,1,'configs','i18n','web.copyright.time','2018-2020','all',0,0,1),(361,'configs.i18n.web.copyright.url','2020-01-13 08:43:03',NULL,1,'configs','i18n','web.copyright.url','http://www.ybao.org','all',0,0,1),(362,'configs.i18n.web.copyright.company','2020-01-13 08:44:52',NULL,1,'configs','i18n','web.copyright.company','广州源宝网络有限公司','zh-cn',0,0,1),(363,'configs.i18n.web.copyright.company','2020-01-13 08:46:33',NULL,1,'configs','i18n','web.copyright.company','Guangzhou Yuanbao Network Limited company','en',0,0,1),(364,'configs.i18n.web.beian.url','2020-01-13 08:47:21',NULL,1,'configs','i18n','web.beian.url','http://www.beian.miit.gov.cn/','all',0,0,1),(365,'configs.i18n.web.beian.code','2020-01-13 08:47:59',NULL,1,'configs','i18n','web.beian.code','粤ICP备16070361号','all',0,0,1),(366,'configs.i18n.web.url','2020-01-13 08:48:46','2020-01-13 08:50:06',1,'configs','i18n','web.url','http://www.baoai.co','all',0,0,1),(367,'configs.i18n.web.name','2020-01-13 08:49:32',NULL,1,'configs','i18n','web.name','小宝人工智能和量化平台','zh-cn',0,0,1),(368,'configs.i18n.web.name','2020-01-13 08:49:49',NULL,1,'configs','i18n','web.name','Bao AI And Quant Platform','en',0,0,1),(369,'configs.i18n.Recommend Books','2020-01-15 03:28:54',NULL,1,'configs','i18n','Recommend Books','推荐手册','zh-cn',0,0,1),(370,'configs.i18n.Add Task','2020-01-21 01:55:31',NULL,1,'configs','i18n','Add Task','增加任务','zh-cn',0,0,1),(371,'iris.i18n.Iris Relation Figure','2020-02-01 07:05:41',NULL,1,'iris','i18n','Iris Relation Figure','鸢尾花关系图','zh-cn',0,0,1),(372,'iris.i18n.Iris Linear Predict','2020-02-01 07:06:51',NULL,1,'iris','i18n','Iris Linear Predict','线性预测','zh-cn',0,0,1),(373,'iris.i18n.Iris Logic Predict','2020-02-01 07:07:39',NULL,1,'iris','i18n','Iris Logic Predict','分类预测','zh-cn',0,0,1),(374,'configs.i18n.Models','2020-02-06 15:09:05',NULL,1,'configs','i18n','Models','模型','zh-cn',0,0,1),(375,'configs.i18n.baoai.version','2020-02-06 15:46:57','2020-02-06 15:48:10',1,'configs','i18n','baoai.version','2.0.0','all',0,0,1),(376,'configs.i18n.baoai.github','2020-02-06 15:57:23','2020-02-06 15:58:51',1,'configs','i18n','baoai.github','https://github.com/henry','all',0,0,1),(377,'configs.i18n.baoai.gitee','2020-02-06 15:58:18','2020-02-06 15:59:10',1,'configs','i18n','baoai.gitee','https://gitee.com/henry','all',0,0,1),(378,'configs.i18n.baoai.devdoc','2020-02-06 16:05:06',NULL,1,'configs','i18n','baoai.devdoc','http://www.baoai.co/web/book?id=50','all',0,0,1),(379,'configs.i18n.Version','2020-02-07 09:41:33',NULL,1,'configs','i18n','Version','版本','zh-cn',0,0,1),(380,'configs.i18n.Current Version','2020-02-07 09:41:57',NULL,1,'configs','i18n','Current Version','当前版本','zh-cn',0,0,1),(381,'configs.i18n.Lastest Version','2020-02-07 09:42:17','2020-02-07 09:44:03',1,'configs','i18n','Lastest Version','最新版本','zh-cn',0,0,1),(382,'configs.i18n.Focus on BaoAI','2020-02-13 20:28:10',NULL,1,'configs','i18n','Focus on BaoAI','关注 BaoAI','zh-cn',0,0,1);
/*!40000 ALTER TABLE `ai_configs` ENABLE KEYS */;

#
# Structure for table "ai_iris"
#

DROP TABLE IF EXISTS `ai_iris`;
CREATE TABLE `ai_iris` (
  `id` int(11) NOT NULL AUTO_INCREMENT,
  `sepal_length` float DEFAULT NULL,
  `sepal_width` float DEFAULT NULL,
  `petal_length` float DEFAULT NULL,
  `petal_width` float DEFAULT NULL,
  `irisclass` varchar(30) DEFAULT NULL,
  PRIMARY KEY (`id`)
) ENGINE=MyISAM AUTO_INCREMENT=151 DEFAULT CHARSET=utf8;

#
# Data for table "ai_iris"
#

/*!40000 ALTER TABLE `ai_iris` DISABLE KEYS */;
INSERT INTO `ai_iris` VALUES (1,5.1,3.5,1.4,0.2,'Iris-setosa'),(2,4.9,3,1.4,0.2,'Iris-setosa'),(3,4.7,3.2,1.3,0.2,'Iris-setosa'),(4,4.6,3.1,1.5,0.2,'Iris-setosa'),(5,5,3.6,1.4,0.2,'Iris-setosa'),(6,5.4,3.9,1.7,0.4,'Iris-setosa'),(7,4.6,3.4,1.4,0.3,'Iris-setosa'),(8,5,3.4,1.5,0.2,'Iris-setosa'),(9,4.4,2.9,1.4,0.2,'Iris-setosa'),(10,4.9,3.1,1.5,0.1,'Iris-setosa'),(11,5.4,3.7,1.5,0.2,'Iris-setosa'),(12,4.8,3.4,1.6,0.2,'Iris-setosa'),(13,4.8,3,1.4,0.1,'Iris-setosa'),(14,4.3,3,1.1,0.1,'Iris-setosa'),(15,5.8,4,1.2,0.2,'Iris-setosa'),(16,5.7,4.4,1.5,0.4,'Iris-setosa'),(17,5.4,3.9,1.3,0.4,'Iris-setosa'),(18,5.1,3.5,1.4,0.3,'Iris-setosa'),(19,5.7,3.8,1.7,0.3,'Iris-setosa'),(20,5.1,3.8,1.5,0.3,'Iris-setosa'),(21,5.4,3.4,1.7,0.2,'Iris-setosa'),(22,5.1,3.7,1.5,0.4,'Iris-setosa'),(23,4.6,3.6,1,0.2,'Iris-setosa'),(24,5.1,3.3,1.7,0.5,'Iris-setosa'),(25,4.8,3.4,1.9,0.2,'Iris-setosa'),(26,5,3,1.6,0.2,'Iris-setosa'),(27,5,3.4,1.6,0.4,'Iris-setosa'),(28,5.2,3.5,1.5,0.2,'Iris-setosa'),(29,5.2,3.4,1.4,0.2,'Iris-setosa'),(30,4.7,3.2,1.6,0.2,'Iris-setosa'),(31,4.8,3.1,1.6,0.2,'Iris-setosa'),(32,5.4,3.4,1.5,0.4,'Iris-setosa'),(33,5.2,4.1,1.5,0.1,'Iris-setosa'),(34,5.5,4.2,1.4,0.2,'Iris-setosa'),(35,4.9,3.1,1.5,0.1,'Iris-setosa'),(36,5,3.2,1.2,0.2,'Iris-setosa'),(37,5.5,3.5,1.3,0.2,'Iris-setosa'),(38,4.9,3.1,1.5,0.1,'Iris-setosa'),(39,4.4,3,1.3,0.2,'Iris-setosa'),(40,5.1,3.4,1.5,0.2,'Iris-setosa'),(41,5,3.5,1.3,0.3,'Iris-setosa'),(42,4.5,2.3,1.3,0.3,'Iris-setosa'),(43,4.4,3.2,1.3,0.2,'Iris-setosa'),(44,5,3.5,1.6,0.6,'Iris-setosa'),(45,5.1,3.8,1.9,0.4,'Iris-setosa'),(46,4.8,3,1.4,0.3,'Iris-setosa'),(47,5.1,3.8,1.6,0.2,'Iris-setosa'),(48,4.6,3.2,1.4,0.2,'Iris-setosa'),(49,5.3,3.7,1.5,0.2,'Iris-setosa'),(50,5,3.3,1.4,0.2,'Iris-setosa'),(51,7,3.2,4.7,1.4,'Iris-versicolor'),(52,6.4,3.2,4.5,1.5,'Iris-versicolor'),(53,6.9,3.1,4.9,1.5,'Iris-versicolor'),(54,5.5,2.3,4,1.3,'Iris-versicolor'),(55,6.5,2.8,4.6,1.5,'Iris-versicolor'),(56,5.7,2.8,4.5,1.3,'Iris-versicolor'),(57,6.3,3.3,4.7,1.6,'Iris-versicolor'),(58,4.9,2.4,3.3,1,'Iris-versicolor'),(59,6.6,2.9,4.6,1.3,'Iris-versicolor'),(60,5.2,2.7,3.9,1.4,'Iris-versicolor'),(61,5,2,3.5,1,'Iris-versicolor'),(62,5.9,3,4.2,1.5,'Iris-versicolor'),(63,6,2.2,4,1,'Iris-versicolor'),(64,6.1,2.9,4.7,1.4,'Iris-versicolor'),(65,5.6,2.9,3.6,1.3,'Iris-versicolor'),(66,6.7,3.1,4.4,1.4,'Iris-versicolor'),(67,5.6,3,4.5,1.5,'Iris-versicolor'),(68,5.8,2.7,4.1,1,'Iris-versicolor'),(69,6.2,2.2,4.5,1.5,'Iris-versicolor'),(70,5.6,2.5,3.9,1.1,'Iris-versicolor'),(71,5.9,3.2,4.8,1.8,'Iris-versicolor'),(72,6.1,2.8,4,1.3,'Iris-versicolor'),(73,6.3,2.5,4.9,1.5,'Iris-versicolor'),(74,6.1,2.8,4.7,1.2,'Iris-versicolor'),(75,6.4,2.9,4.3,1.3,'Iris-versicolor'),(76,6.6,3,4.4,1.4,'Iris-versicolor'),(77,6.8,2.8,4.8,1.4,'Iris-versicolor'),(78,6.7,3,5,1.7,'Iris-versicolor'),(79,6,2.9,4.5,1.5,'Iris-versicolor'),(80,5.7,2.6,3.5,1,'Iris-versicolor'),(81,5.5,2.4,3.8,1.1,'Iris-versicolor'),(82,5.5,2.4,3.7,1,'Iris-versicolor'),(83,5.8,2.7,3.9,1.2,'Iris-versicolor'),(84,6,2.7,5.1,1.6,'Iris-versicolor'),(85,5.4,3,4.5,1.5,'Iris-versicolor'),(86,6,3.4,4.5,1.6,'Iris-versicolor'),(87,6.7,3.1,4.7,1.5,'Iris-versicolor'),(88,6.3,2.3,4.4,1.3,'Iris-versicolor'),(89,5.6,3,4.1,1.3,'Iris-versicolor'),(90,5.5,2.5,4,1.3,'Iris-versicolor'),(91,5.5,2.6,4.4,1.2,'Iris-versicolor'),(92,6.1,3,4.6,1.4,'Iris-versicolor'),(93,5.8,2.6,4,1.2,'Iris-versicolor'),(94,5,2.3,3.3,1,'Iris-versicolor'),(95,5.6,2.7,4.2,1.3,'Iris-versicolor'),(96,5.7,3,4.2,1.2,'Iris-versicolor'),(97,5.7,2.9,4.2,1.3,'Iris-versicolor'),(98,6.2,2.9,4.3,1.3,'Iris-versicolor'),(99,5.1,2.5,3,1.1,'Iris-versicolor'),(100,5.7,2.8,4.1,1.3,'Iris-versicolor'),(101,6.3,3.3,6,2.5,'Iris-virginica'),(102,5.8,2.7,5.1,1.9,'Iris-virginica'),(103,7.1,3,5.9,2.1,'Iris-virginica'),(104,6.3,2.9,5.6,1.8,'Iris-virginica'),(105,6.5,3,5.8,2.2,'Iris-virginica'),(106,7.6,3,6.6,2.1,'Iris-virginica'),(107,4.9,2.5,4.5,1.7,'Iris-virginica'),(108,7.3,2.9,6.3,1.8,'Iris-virginica'),(109,6.7,2.5,5.8,1.8,'Iris-virginica'),(110,7.2,3.6,6.1,2.5,'Iris-virginica'),(111,6.5,3.2,5.1,2,'Iris-virginica'),(112,6.4,2.7,5.3,1.9,'Iris-virginica'),(113,6.8,3,5.5,2.1,'Iris-virginica'),(114,5.7,2.5,5,2,'Iris-virginica'),(115,5.8,2.8,5.1,2.4,'Iris-virginica'),(116,6.4,3.2,5.3,2.3,'Iris-virginica'),(117,6.5,3,5.5,1.8,'Iris-virginica'),(118,7.7,3.8,6.7,2.2,'Iris-virginica'),(119,7.7,2.6,6.9,2.3,'Iris-virginica'),(120,6,2.2,5,1.5,'Iris-virginica'),(121,6.9,3.2,5.7,2.3,'Iris-virginica'),(122,5.6,2.8,4.9,2,'Iris-virginica'),(123,7.7,2.8,6.7,2,'Iris-virginica'),(124,6.3,2.7,4.9,1.8,'Iris-virginica'),(125,6.7,3.3,5.7,2.1,'Iris-virginica'),(126,7.2,3.2,6,1.8,'Iris-virginica'),(127,6.2,2.8,4.8,1.8,'Iris-virginica'),(128,6.1,3,4.9,1.8,'Iris-virginica'),(129,6.4,2.8,5.6,2.1,'Iris-virginica'),(130,7.2,3,5.8,1.6,'Iris-virginica'),(131,7.4,2.8,6.1,1.9,'Iris-virginica'),(132,7.9,3.8,6.4,2,'Iris-virginica'),(133,6.4,2.8,5.6,2.2,'Iris-virginica'),(134,6.3,2.8,5.1,1.5,'Iris-virginica'),(135,6.1,2.6,5.6,1.4,'Iris-virginica'),(136,7.7,3,6.1,2.3,'Iris-virginica'),(137,6.3,3.4,5.6,2.4,'Iris-virginica'),(138,6.4,3.1,5.5,1.8,'Iris-virginica'),(139,6,3,4.8,1.8,'Iris-virginica'),(140,6.9,3.1,5.4,2.1,'Iris-virginica'),(141,6.7,3.1,5.6,2.4,'Iris-virginica'),(142,6.9,3.1,5.1,2.3,'Iris-virginica'),(143,5.8,2.7,5.1,1.9,'Iris-virginica'),(144,6.8,3.2,5.9,2.3,'Iris-virginica'),(145,6.7,3.3,5.7,2.5,'Iris-virginica'),(146,6.7,3,5.2,2.3,'Iris-virginica'),(147,6.3,2.5,5,1.9,'Iris-virginica'),(148,6.5,3,5.2,2,'Iris-virginica'),(149,6.2,3.4,5.4,2.3,'Iris-virginica'),(150,5.9,3,5.1,1.8,'Iris-virginica');
/*!40000 ALTER TABLE `ai_iris` ENABLE KEYS */;

#
# Structure for table "ai_logs"
#

DROP TABLE IF EXISTS `ai_logs`;
CREATE TABLE `ai_logs` (
  `id` int(11) NOT NULL AUTO_INCREMENT,
  `title` varchar(255) DEFAULT NULL,
  `created` datetime NOT NULL,
  `updated` datetime DEFAULT NULL,
  `uid` int(11) NOT NULL,
  `url` varchar(255) DEFAULT NULL,
  `method` varchar(10) DEFAULT NULL,
  `referer` varchar(255) DEFAULT NULL,
  `path` varchar(255) DEFAULT NULL,
  `base_path` varchar(255) DEFAULT NULL,
  `route` varchar(100) DEFAULT NULL,
  `ip` varchar(32) DEFAULT NULL,
  `user_agent` varchar(255) DEFAULT NULL,
  `lang` varchar(10) NOT NULL,
  `desc` text,
  `pid` int(11) NOT NULL,
  `weight` int(11) NOT NULL,
  `status` tinyint(1) NOT NULL,
  PRIMARY KEY (`id`),
  KEY `ix_ai_logs_uid` (`uid`),
  KEY `ix_ai_logs_lang` (`lang`),
  KEY `ix_ai_logs_weight` (`weight`),
  KEY `ix_ai_logs_status` (`status`)
) ENGINE=MyISAM AUTO_INCREMENT=2946 DEFAULT CHARSET=utf8;

#
# Data for table "ai_logs"
#

/*!40000 ALTER TABLE `ai_logs` DISABLE KEYS */;
INSERT INTO `ai_logs` VALUES (2927,NULL,'2019-07-05 09:33:48',NULL,0,'http://localhost:5000/api/admin/user_by_token','GET','http://localhost:3010/','/api/admin/user_by_token','/api','admin/user_by_token','127.0.0.1','Mozilla/5.0 (Windows NT 6.1; WOW64) AppleWebKit/537.36 (KHTML, like Gecko) Chrome/63.0.3239.132 Safari/537.36','all','NO AUTH',0,0,1),(2928,NULL,'2019-07-05 09:34:08','2019-07-05 09:34:08',1,'http://localhost:5000/api/logs/list?limit=10&offset=0&order=asc&search=','GET','http://localhost:3010/','/api/logs/list','/api','logs/list','127.0.0.1','Mozilla/5.0 (Windows NT 6.1; WOW64) AppleWebKit/537.36 (KHTML, like Gecko) Chrome/63.0.3239.132 Safari/537.36','all','RBAC AUTH SUCCESS',0,0,1),(2930,NULL,'2019-07-05 09:34:08',NULL,0,'http://localhost:5000/api/logs/list?limit=10&offset=0&order=asc&search=','GET','http://localhost:3010/','/api/logs/list','/api','logs/list','127.0.0.1','Mozilla/5.0 (Windows NT 6.1; WOW64) AppleWebKit/537.36 (KHTML, like Gecko) Chrome/63.0.3239.132 Safari/537.36','all','NO AUTH',0,0,1),(2933,NULL,'2019-07-05 09:35:19',NULL,0,'http://localhost:5000/api/autocode/list?limit=500&offset=0&order=asc&search=','GET','http://localhost:3010/','/api/autocode/list','/api','autocode/list','127.0.0.1','Mozilla/5.0 (Windows NT 6.1; WOW64) AppleWebKit/537.36 (KHTML, like Gecko) Chrome/63.0.3239.132 Safari/537.36','all','NO AUTH',0,0,1),(2934,NULL,'2019-07-05 09:38:24','2019-07-05 09:38:24',1,'http://localhost:5000/api/resources/routes','GET','http://localhost:3010/','/api/resources/routes','/api','resources/routes','127.0.0.1','Mozilla/5.0 (Windows NT 6.1; WOW64) AppleWebKit/537.36 (KHTML, like Gecko) Chrome/63.0.3239.132 Safari/537.36','all','RBAC AUTH SUCCESS',0,0,1),(2935,NULL,'2019-07-05 09:38:24','2019-07-05 09:38:24',1,'http://localhost:5000/api/resources/routes','GET','http://localhost:3010/','/api/resources/routes','/api','resources/routes','127.0.0.1','Mozilla/5.0 (Windows NT 6.1; WOW64) AppleWebKit/537.36 (KHTML, like Gecko) Chrome/63.0.3239.132 Safari/537.36','all','([{\'method\': \'GET\', \'ismenu\': 1, \'pid\': 0, \'title\': \'Autocode\', \'status\': 2, \'weight\': 4000, \'id\': 108, \'updated\': \'2019-07-02T09:09:20+00:00\', \'lang\': \'all\', \'name\': \'autocode_manager\', \'icon\': \'fa fa-code\', \'route\': \'autocode_manager\', \'remark\': None, \'created\': \'2019-07-02T09:08:41+00:00\'}, {\'method\': \'GET\', \'ismenu\': 1, \'pid\': 0, \'title\': \'System Manager\', \'status\': 2, \'weight\': 3000, \'id\': 69, \'updated\': \'2019-06-19T10:22:15+00:00\', \'lang\': \'\', \'name\': \'system_manager\', \'icon\': \'fa fa-gear\', \'route\': \'system_manager\', \'remark\': \'系统管理\', \'created\': \'2019-05-17T07:11:35+00:00\'}, {\'method\': \'GET\', \'ismenu\': 1, \'pid\': 0, \'title\': \'User Manager\', \'status\': 2, \'weight\': 2000, \'id\': 67, \'updated\': \'2019-06-19T10:36:02+00:00\', \'lang\': \'\', \'name\': \'user_manager\', \'icon\': \'fa fa-user-circle-o\', \'route\': \'user_manager\', \'remark\': \'账号信息管理\', \'created\': \'2019-05-15T07:22:22+00:00\'}, {\'method\': \'GET\', \'ismenu\': 1, \'pid\': 0, \'title\': \'RBAC\', \'status\': 2, \'weight\': 1000, \'id\': 25, \'updated\': \'2019-06-19T10:39:08+00:00\', \'lang\': \'\', \'name\': \'rbac\', \'icon\': \'fa fa-group\', \'route\': \'rbac\', \'remark\': \'基于角色的权限访问控制模块\', \'created\': \'2019-04-29T08:27:51+00:00\'}, {\'method\': \'GET\', \'ismenu\': 1, \'pid\': 25, \'title\': \'Admin\', \'status\': 2, \'weight\': 900, \'id\': 26, \'updated\': \'2019-06-19T10:39:43+00:00\', \'lang\': \'\', \'name\': \'admin\', \'icon\': \'fa fa-circle-o\', \'route\': \'admin\', \'remark\': \'管理员基于角色维护管理用户\', \'created\': \'2019-04-29T08:31:05+00:00\'}, {\'method\': \'GET\', \'ismenu\': 1, \'pid\': 25, \'title\': \'Roles\', \'status\': 2, \'weight\': 800, \'id\': 27, \'updated\': \'2019-06-19T10:41:55+00:00\', \'lang\': \'\', \'name\': \'roles\', \'icon\': \'fa fa-circle-o\', \'route\': \'roles\', \'remark\': \'\', \'created\': \'2019-04-29T08:32:30+00:00\'}, {\'method\': \'GET\', \'ismenu\': 1, \'pid\': 25, \'title\': \'Resources\', \'status\': 2, \'weight\': 700, \'id\': 28, \'updated\': \'2019-06-19T10:42:39+00:00\', \'lang\': \'\', \'name\': \'resources\', \'icon\': \'fa fa-circle-o\', \'route\': \'resources\', \'remark\': \'\', \'created\': \'2019-04-29T08:33:56+00:00\'}, {\'method\': \'GET\', \'ismenu\': 1, \'pid\': 67, \'title\': \'User Profile\', \'status\': 2, \'weight\': 1900, \'id\': 68, \'updated\': \'2019-06-19T10:36:52+00:00\', \'lang\': \'\', \'name\': \'user_profile\', \'icon\': \'fa fa-circle-o\', \'route\': \'user_profile\', \'remark\': \'\', \'created\': \'2019-05-15T07:26:17+00:00\'}, {\'method\': \'GET\', \'ismenu\': 1, \'pid\': 67, \'title\': \'User Logs\', \'status\': 1, \'weight\': 1800, \'id\': 80, \'updated\': \'2019-06-19T10:42:24+00:00\', \'lang\': \'\', \'name\': \'userlogs\', \'icon\': \'fa fa-circle-o\', \'route\': \'userlogs\', \'remark\': \'\', \'created\': \'2019-06-05T16:28:07+00:00\'}, {\'method\': \'GET\', \'ismenu\': 1, \'pid\': 69, \'title\': \'Attachments\', \'status\': 2, \'weight\': 2900, \'id\': 70, \'updated\': \'2019-06-19T10:22:00+00:00\', \'lang\': \'\', \'name\': \'attachments\', \'icon\': \'fa fa-circle-o\', \'route\': \'attachments\', \'remark\': \'\', \'created\': \'2019-05-17T07:14:06+00:00\'}, {\'method\': \'GET\', \'ismenu\': 1, \'pid\': 69, \'title\': \'Operate Logs\', \'status\': 2, \'weight\': 2800, \'id\': 76, \'updated\': \'2019-06-19T10:42:05+00:00\', \'lang\': \'\', \'name\': \'logs\', \'icon\': \'fa fa-pencil-square-o\', \'route\': \'logs\', \'remark\': \'\', \'created\': \'2019-06-05T14:02:38+00:00\'}, {\'method\': \'GET\', \'ismenu\': 1, \'pid\': 69, \'title\': \'Configs\', \'status\': 1, \'weight\': 2700, \'id\': 84, \'updated\': \'2019-06-19T10:42:11+00:00\', \'lang\': \'\', \'name\': \'configs\', \'icon\': \'fa fa-circle-o\', \'route\': \'configs\', \'remark\': \'\', \'created\': \'2019-06-16T17:31:20+00:00\'}, {\'method\': \'GET\', \'ismenu\': 1, \'pid\': 108, \'title\': \'Module Set\', \'status\': 2, \'weight\': 3900, \'id\': 110, \'updated\': \'2019-07-02T15:01:36+00:00\', \'lang\': \'all\', \'name\': \'autocode\', \'icon\': \'fa fa-circle-o\', \'route\': \'autocode\', \'remark\': None, \'created\': \'2019-07-02T14:59:14+00:00\'}, {\'method\': \'GET\', \'ismenu\': 1, \'pid\': 108, \'title\': \'Model Set\', \'status\': 2, \'weight\': 3800, \'id\': 116, \'updated\': None, \'lang\': \'all\', \'name\': \'automodel\', \'icon\': \'fa fa-circle-o\', \'route\': \'automodel\', \'remark\': None, \'created\': \'2019-07-03T09:14:21+00:00\'}], <HTTPStatus.OK: 200>, None)',0,0,1),(2936,NULL,'2019-07-05 09:38:24',NULL,0,'http://localhost:5000/api/resources/routes','GET','http://localhost:3010/','/api/resources/routes','/api','resources/routes','127.0.0.1','Mozilla/5.0 (Windows NT 6.1; WOW64) AppleWebKit/537.36 (KHTML, like Gecko) Chrome/63.0.3239.132 Safari/537.36','all','NO AUTH',0,0,1),(2938,NULL,'2019-07-05 09:38:25','2019-07-05 09:38:25',1,'http://localhost:5000/api/admin/user_by_token','GET','http://localhost:3010/','/api/admin/user_by_token','/api','admin/user_by_token','127.0.0.1','Mozilla/5.0 (Windows NT 6.1; WOW64) AppleWebKit/537.36 (KHTML, like Gecko) Chrome/63.0.3239.132 Safari/537.36','all','({\'last_login_ip\': None, \'nickname\': \'ee2\', \'status\': 1, \'id\': 1, \'updated\': \'2019-06-30T19:12:19+00:00\', \'lang\': \'\', \'current_login_ip\': None, \'created\': \'2019-04-20T01:45:45+00:00\', \'username\': \'admin\', \'login_failure\': 0, \'current_login_time\': None, \'title\': \'System Manager\', \'last_login_time\': None, \'avatar\': \'2019/06/24/0bcc983cd0584ebf84db3fd3d2c4a5d9.jpg\', \'email\': \'4797789@qq.com\'}, <HTTPStatus.OK: 200>, None)',0,0,1),(2939,NULL,'2019-07-05 09:38:25',NULL,0,'http://localhost:5000/api/admin/user_by_token','GET','http://localhost:3010/','/api/admin/user_by_token','/api','admin/user_by_token','127.0.0.1','Mozilla/5.0 (Windows NT 6.1; WOW64) AppleWebKit/537.36 (KHTML, like Gecko) Chrome/63.0.3239.132 Safari/537.36','all','NO AUTH',0,0,1),(2942,NULL,'2019-07-05 09:40:20',NULL,0,'http://localhost:5000/api/resources/list?limit=500&offset=0&order=asc&search=','GET','http://localhost:3010/','/api/resources/list','/api','resources/list','127.0.0.1','Mozilla/5.0 (Windows NT 6.1; WOW64) AppleWebKit/537.36 (KHTML, like Gecko) Chrome/63.0.3239.132 Safari/537.36','all','NO AUTH',0,0,1),(2944,NULL,'2019-07-05 09:41:38','2019-07-05 09:41:38',1,'http://localhost:5000/api/resources/weight','GET','http://localhost:3010/','/api/resources/weight','/api','resources/weight','127.0.0.1','Mozilla/5.0 (Windows NT 6.1; WOW64) AppleWebKit/537.36 (KHTML, like Gecko) Chrome/63.0.3239.132 Safari/537.36','all','([{\'weight\': 4000}], <HTTPStatus.OK: 200>, None)',0,0,1),(2945,NULL,'2019-07-05 09:41:38',NULL,0,'http://localhost:5000/api/resources/weight','GET','http://localhost:3010/','/api/resources/weight','/api','resources/weight','127.0.0.1','Mozilla/5.0 (Windows NT 6.1; WOW64) AppleWebKit/537.36 (KHTML, like Gecko) Chrome/63.0.3239.132 Safari/537.36','all','NO AUTH',0,0,1);
/*!40000 ALTER TABLE `ai_logs` ENABLE KEYS */;

#
# Structure for table "ai_notice_content"
#

DROP TABLE IF EXISTS `ai_notice_content`;
CREATE TABLE `ai_notice_content` (
  `id` int(11) NOT NULL AUTO_INCREMENT,
  `pid` int(11) NOT NULL,
  `created` datetime NOT NULL,
  `updated` datetime DEFAULT NULL,
  `lang` varchar(10) NOT NULL,
  `uid` int(11) NOT NULL,
  `title` varchar(255) NOT NULL,
  `content` text,
  `module` varchar(100) DEFAULT NULL,
  `reference` varchar(255) DEFAULT NULL,
  `status` tinyint(1) NOT NULL,
  `weight` int(11) DEFAULT NULL,
  `reference_params` varchar(255) DEFAULT NULL,
  `icon` varchar(100) DEFAULT NULL,
  `receiver` int(11) DEFAULT NULL,
  PRIMARY KEY (`id`),
  KEY `ix_ai_notice_content_lang` (`lang`),
  KEY `ix_ai_notice_content_status` (`status`),
  KEY `ix_ai_notice_content_title` (`title`),
  KEY `ix_ai_notice_content_uid` (`uid`)
) ENGINE=MyISAM AUTO_INCREMENT=7 DEFAULT CHARSET=utf8;

#
# Data for table "ai_notice_content"
#

/*!40000 ALTER TABLE `ai_notice_content` DISABLE KEYS */;
INSERT INTO `ai_notice_content` VALUES (1,0,'2019-11-30 06:24:07','2020-01-02 12:57:07','zh-cn',1,'量化系统上线了','<p>量化系统上线了</p>\n','quant_category','web.quant',1,12,NULL,NULL,NULL),(2,0,'2019-11-30 06:24:54','2019-11-30 06:59:04','zh-cn',1,'人工智能和量化从这开始','<p>人工智能和量化从这开始</p>\n','quant_stockcode','web.book',1,0,'{id:8}','fa fa-circle-o',NULL),(3,0,'2019-12-01 02:14:47','2019-12-01 03:07:53','zh-cn',1,'BaoAI 人工智能和量化平台 V1.0.0 版本发布了','<p><a href=\"http://localhost:3000/#/web/article?id=180\">BaoAI 人工智能和量化平台 V1.0.0 版本发布了</a></p>\n','web.news','web.article',0,0,'{id:180}','',NULL);
/*!40000 ALTER TABLE `ai_notice_content` ENABLE KEYS */;

#
# Structure for table "ai_notice_contentadmin"
#

DROP TABLE IF EXISTS `ai_notice_contentadmin`;
CREATE TABLE `ai_notice_contentadmin` (
  `id` int(11) NOT NULL AUTO_INCREMENT,
  `pid` int(11) NOT NULL,
  `title` varchar(255) DEFAULT NULL,
  `created` datetime NOT NULL,
  `updated` datetime DEFAULT NULL,
  `status` tinyint(1) NOT NULL,
  `weight` int(11) NOT NULL,
  `lang` varchar(10) NOT NULL,
  `uid` int(11) NOT NULL,
  `notice_content_id` int(11) NOT NULL,
  `admin_id` int(11) NOT NULL,
  PRIMARY KEY (`id`),
  UNIQUE KEY `uix_notice_content_admin_notice_content_id_admin_id` (`notice_content_id`,`admin_id`),
  KEY `ix_ai_notice_contentadmin_lang` (`lang`),
  KEY `ix_ai_notice_contentadmin_status` (`status`),
  KEY `ix_ai_notice_contentadmin_uid` (`uid`),
  KEY `ix_ai_notice_contentadmin_weight` (`weight`)
) ENGINE=MyISAM AUTO_INCREMENT=14 DEFAULT CHARSET=utf8;

#
# Data for table "ai_notice_contentadmin"
#

/*!40000 ALTER TABLE `ai_notice_contentadmin` DISABLE KEYS */;
INSERT INTO `ai_notice_contentadmin` VALUES (1,0,NULL,'2019-12-01 01:45:24',NULL,1,0,'all',0,2,48),(2,0,NULL,'2019-12-01 01:45:24',NULL,1,0,'all',0,2,47),(3,0,'test3','2019-12-01 02:14:47','2019-12-01 03:07:53',0,0,'all',0,2,41),(4,0,NULL,'2019-12-01 01:49:51',NULL,1,0,'all',0,2,40),(5,0,NULL,'2019-12-01 01:58:50',NULL,1,0,'all',0,2,19),(6,0,NULL,'2019-12-01 03:04:57','2019-12-01 14:01:04',0,0,'all',0,2,1),(7,0,NULL,'2019-12-01 03:08:59','2020-01-02 13:46:27',1,0,'all',0,3,1),(8,0,NULL,'2019-12-01 03:09:41','2019-12-01 14:01:01',1,0,'all',0,1,1),(9,0,NULL,'2020-02-13 23:57:32',NULL,1,0,'all',0,1,35),(10,0,NULL,'2020-02-13 23:57:32',NULL,1,0,'all',0,1,2),(11,0,NULL,'2020-02-13 23:58:19','2020-02-14 00:01:09',0,0,'all',0,2,35),(12,0,NULL,'2020-02-13 23:58:19',NULL,1,0,'all',0,2,2),(13,0,NULL,'2020-02-14 00:00:32',NULL,1,0,'all',0,3,2);
/*!40000 ALTER TABLE `ai_notice_contentadmin` ENABLE KEYS */;

#
# Structure for table "ai_profiles"
#

DROP TABLE IF EXISTS `ai_profiles`;
CREATE TABLE `ai_profiles` (
  `id` int(11) NOT NULL AUTO_INCREMENT,
  `title` varchar(255) DEFAULT NULL,
  `created` datetime NOT NULL,
  `updated` datetime DEFAULT NULL,
  `uid` int(11) NOT NULL,
  `career` varchar(50) DEFAULT NULL,
  `education` varchar(255) DEFAULT NULL,
  `location` varchar(255) DEFAULT NULL,
  `postcode` varchar(32) DEFAULT NULL,
  `mobilephone` varchar(32) DEFAULT NULL,
  `tel` varchar(32) DEFAULT NULL,
  `skills` varchar(255) DEFAULT NULL,
  `motto` varchar(255) DEFAULT NULL,
  `firstname` varchar(32) DEFAULT NULL,
  `lastname` varchar(32) DEFAULT NULL,
  `qq` varchar(16) DEFAULT NULL,
  `weixin` varchar(32) DEFAULT NULL,
  `weibo` varchar(32) DEFAULT NULL,
  `idnumber` varchar(18) DEFAULT NULL,
  `lang` varchar(10) NOT NULL,
  `birthday` date DEFAULT NULL,
  `pid` int(11) NOT NULL,
  `weight` int(11) NOT NULL,
  `status` tinyint(1) NOT NULL,
  `email_notice` tinyint(1) DEFAULT NULL,
  `sms_notice` tinyint(1) DEFAULT NULL,
  `weixin_notice` tinyint(1) DEFAULT NULL,
  PRIMARY KEY (`id`),
  UNIQUE KEY `ix_ai_profiles_uid` (`uid`),
  KEY `ix_ai_profiles_lang` (`lang`),
  KEY `ix_ai_profiles_weight` (`weight`),
  KEY `ix_ai_profiles_status` (`status`)
) ENGINE=MyISAM AUTO_INCREMENT=3 DEFAULT CHARSET=utf8;

#
# Data for table "ai_profiles"
#

/*!40000 ALTER TABLE `ai_profiles` DISABLE KEYS */;
INSERT INTO `ai_profiles` VALUES (1,NULL,'2019-06-29 15:30:59','2019-06-04 21:18:33',1,'软件开发','研究生','广州','510000','18000000000','','软件开发','天道酬勤','AI和量化','小宝','22','22','22','22','','2019-07-17',0,0,1,1,1,1),(2,NULL,'2020-02-14 09:21:16','2020-02-14 09:21:58',35,NULL,'本科','广州',NULL,NULL,NULL,NULL,NULL,NULL,NULL,NULL,NULL,NULL,NULL,'all','2020-02-01',0,0,1,0,0,0);
/*!40000 ALTER TABLE `ai_profiles` ENABLE KEYS */;

#
# Structure for table "ai_resources"
#

DROP TABLE IF EXISTS `ai_resources`;
CREATE TABLE `ai_resources` (
  `id` int(11) NOT NULL AUTO_INCREMENT,
  `title` varchar(255) DEFAULT NULL,
  `created` datetime NOT NULL,
  `updated` datetime DEFAULT NULL,
  `pid` int(11) NOT NULL,
  `route` varchar(255) NOT NULL,
  `icon` varchar(128) NOT NULL,
  `remark` varchar(255) DEFAULT NULL,
  `ismenu` tinyint(1) NOT NULL DEFAULT '0',
  `weight` int(11) NOT NULL,
  `method` varchar(20) NOT NULL,
  `name` varchar(50) NOT NULL,
  `lang` varchar(10) NOT NULL,
  `params` varchar(255) DEFAULT NULL,
  `uid` int(11) NOT NULL,
  `status` tinyint(1) NOT NULL,
  `locked` tinyint(1) NOT NULL,
  `treegrade` int(11) DEFAULT NULL,
  `treepath` varchar(255) DEFAULT NULL,
  `treepathweight` varchar(255) DEFAULT NULL,
  `link_type` varchar(30) DEFAULT NULL,
  PRIMARY KEY (`id`),
  UNIQUE KEY `name` (`name`),
  KEY `ix_ai_resources_lang` (`lang`),
  KEY `ix_ai_resources_uid` (`uid`),
  KEY `ix_ai_resources_status` (`status`)
) ENGINE=MyISAM AUTO_INCREMENT=745 DEFAULT CHARSET=utf8;

#
# Data for table "ai_resources"
#

/*!40000 ALTER TABLE `ai_resources` DISABLE KEYS */;
INSERT INTO `ai_resources` VALUES (25,'RBAC','2019-04-29 08:27:51','2019-08-05 11:45:59',0,'rbac','fa fa-group','基于角色的权限访问控制模块',1,1000,'GET','rbac','',NULL,0,1,0,1,'.25.','.9999998999.0000000025.',NULL),(26,'Admin','2019-04-29 08:31:05','2019-08-05 11:52:24',25,'admin','fa fa-circle-o','管理员基于角色维护管理用户',1,900,'GET','admin','',NULL,0,1,0,2,'.25.26.','.9999998999.0000000025.9999999099.0000000026.',NULL),(27,'Roles','2019-04-29 08:32:30','2019-08-05 11:52:24',25,'roles','fa fa-circle-o','',1,800,'GET','roles','',NULL,0,1,0,2,'.25.27.','.9999998999.0000000025.9999999199.0000000027.',NULL),(28,'Resources','2019-04-29 08:33:56','2019-08-05 11:52:24',25,'resources','fa fa-circle-o','',1,700,'GET','resources','',NULL,0,1,0,2,'.25.28.','.9999998999.0000000025.9999999299.0000000028.',NULL),(29,'View','2019-04-29 08:45:41','2019-08-05 11:52:24',28,'resources','fa fa-arrow-right','',0,690,'GET','resources_view','',NULL,0,1,0,3,'.25.28.29.','.9999998999.0000000025.9999999299.0000000028.9999999309.0000000029.',NULL),(30,'Add','2019-04-29 10:39:03','2019-08-05 11:52:24',28,'resources','fa fa-arrow-right','',0,680,'POST','resources_add','',NULL,0,1,0,3,'.25.28.30.','.9999998999.0000000025.9999999299.0000000028.9999999319.0000000030.',NULL),(31,'Edit','2019-04-29 10:41:03','2019-08-05 11:52:24',28,'resources','fa fa-arrow-right','',0,670,'PUT','resources_edit','',NULL,0,1,0,3,'.25.28.31.','.9999998999.0000000025.9999999299.0000000028.9999999329.0000000031.',NULL),(32,'Delete','2019-04-29 10:43:28','2019-08-05 11:52:24',28,'resources','fa fa-arrow-right','',0,660,'DELETE','resources_del','',NULL,0,1,0,3,'.25.28.32.','.9999998999.0000000025.9999999299.0000000028.9999999339.0000000032.',NULL),(33,'View','2019-04-29 10:46:54','2019-08-05 11:52:24',27,'roles','fa fa-arrow-right','',0,790,'GET','roles_view','',NULL,0,1,0,3,'.25.27.33.','.9999998999.0000000025.9999999199.0000000027.9999999209.0000000033.',NULL),(34,'Add','2019-04-29 10:49:04','2019-08-05 11:52:24',27,'roles','fa fa-arrow-right','',0,780,'POST','roles_add','',NULL,0,1,0,3,'.25.27.34.','.9999998999.0000000025.9999999199.0000000027.9999999219.0000000034.',NULL),(35,'Edit','2019-04-29 10:50:27','2019-08-05 11:52:24',27,'roles','fa fa-arrow-right','',0,770,'PUT','roles_edit','',NULL,0,1,0,3,'.25.27.35.','.9999998999.0000000025.9999999199.0000000027.9999999229.0000000035.',NULL),(36,'Delete','2019-04-29 10:51:37','2019-08-05 11:52:24',27,'roles','fa fa-arrow-right','',0,760,'DELETE','roles_del','',NULL,0,1,0,3,'.25.27.36.','.9999998999.0000000025.9999999199.0000000027.9999999239.0000000036.',NULL),(37,'List','2019-04-29 10:53:16','2019-08-05 11:52:24',26,'admin/list','fa fa-arrow-right','',0,850,'GET','admin_list','',NULL,0,1,0,3,'.25.26.37.','.9999998999.0000000025.9999999099.0000000026.9999999149.0000000037.',NULL),(38,'Add','2019-04-29 10:55:07','2019-08-05 11:52:24',26,'admin','fa fa-arrow-right','',0,880,'POST','admin_add','',NULL,0,1,0,3,'.25.26.38.','.9999998999.0000000025.9999999099.0000000026.9999999119.0000000038.',NULL),(39,'Edit','2019-04-29 10:56:45','2019-08-05 11:52:24',26,'admin','fa fa-arrow-right','',0,870,'PUT','admin_edit','',NULL,0,1,0,3,'.25.26.39.','.9999998999.0000000025.9999999099.0000000026.9999999129.0000000039.',NULL),(40,'Delete','2019-04-29 10:57:40','2019-08-05 11:52:24',26,'admin','fa fa-arrow-right','',0,860,'DELETE','admin_del','',NULL,0,1,0,3,'.25.26.40.','.9999998999.0000000025.9999999099.0000000026.9999999139.0000000040.',NULL),(41,'Resources Menu','2019-04-30 02:58:21','2019-08-05 11:52:25',28,'resources/menu','fa fa-angle-double-right','',0,650,'GET','resources_menu','',NULL,0,1,0,3,'.25.28.41.','.9999998999.0000000025.9999999299.0000000028.9999999349.0000000041.',NULL),(61,'Own RBAC','2019-05-13 07:26:27','2019-08-05 11:52:25',26,'admin/rbac','fa fa-angle-double-right','',0,850,'GET','admin_own_rbac','',NULL,0,1,0,3,'.25.26.61.','.9999998999.0000000025.9999999099.0000000026.9999999149.0000000061.',NULL),(62,'Add Role','2019-05-13 07:57:34','2019-08-05 11:52:25',26,'adminroles/adminroles','fa fa-angle-double-right','增加角色',0,840,'POST','add_role','',NULL,0,1,0,3,'.25.26.62.','.9999998999.0000000025.9999999099.0000000026.9999999159.0000000062.',NULL),(65,'Roles Menu','2019-05-13 08:35:44','2019-08-05 11:52:25',27,'roles/menu','fa fa-angle-double-right','获取角色菜单',0,750,'GET','roles_menu','',NULL,0,1,0,3,'.25.27.65.','.9999998999.0000000025.9999999199.0000000027.9999999249.0000000065.',NULL),(66,'All Resources','2019-05-13 10:02:50','2019-08-05 11:52:25',28,'resources/all','fa fa-angle-double-right','获取所有有效资源',0,640,'GET','resources_all','',NULL,0,1,0,3,'.25.28.66.','.9999998999.0000000025.9999999299.0000000028.9999999359.0000000066.',NULL),(67,'User Manager','2019-05-15 07:22:22','2019-08-05 11:52:24',0,'user_manager','fa fa-user-circle-o','账号信息管理',1,2000,'GET','user_manager','',NULL,0,1,0,1,'.67.','.9999997999.0000000067.',NULL),(68,'User Profile','2019-05-15 07:26:17','2019-08-05 11:52:25',67,'user_profile','fa fa-circle-o','',1,1900,'GET','user_profile','',NULL,0,1,0,2,'.67.68.','.9999997999.0000000067.9999998099.0000000068.',NULL),(69,'System Manager','2019-05-17 07:11:35','2019-08-05 11:52:25',0,'system_manager','fa fa-gear','系统管理',1,3000,'GET','system_manager','',NULL,0,1,0,1,'.69.','.9999996999.0000000069.',NULL),(70,'Attachments','2019-05-17 07:14:06','2019-08-05 11:52:25',69,'attachments?module_name&module_obj_id&category_id&type','fa fa-circle-o','',1,2900,'GET','attachments','','{module_name:\'\', module_obj_id:\'\',category_id:\'\',type:\'\'}',0,1,0,2,'.69.70.','.9999996999.0000000069.9999997099.0000000070.',NULL),(71,'List','2019-05-17 07:16:29','2019-08-05 11:52:25',70,'attachments/list','fa fa-angle-double-right','',0,2865,'GET','attachments_list','',NULL,0,1,0,3,'.69.70.71.','.9999996999.0000000069.9999997099.0000000070.9999997134.0000000071.',NULL),(72,'Add','2019-05-17 07:17:27','2019-08-05 11:52:25',70,'attachments','fa fa-angle-double-right','',0,2880,'POST','attachments_add','',NULL,0,1,0,3,'.69.70.72.','.9999996999.0000000069.9999997099.0000000070.9999997119.0000000072.',NULL),(73,'Edit','2019-05-17 07:18:32','2019-08-05 11:52:25',70,'attachments','fa fa-angle-double-right','编辑',0,2880,'PUT','attachments_edit','',NULL,0,1,0,3,'.69.70.73.','.9999996999.0000000069.9999997099.0000000070.9999997119.0000000073.',NULL),(74,'Delete','2019-05-17 07:20:03','2019-08-05 11:52:25',70,'attachments','fa fa-angle-double-right','',0,2870,'DELETE','attachments_del','',NULL,0,1,0,3,'.69.70.74.','.9999996999.0000000069.9999997099.0000000070.9999997129.0000000074.',NULL),(75,'View','2019-05-24 19:28:55','2019-08-05 11:52:25',26,'admin','fa fa-angle-double-right','',0,890,'GET','admin_view','',NULL,0,1,0,3,'.25.26.75.','.9999998999.0000000025.9999999099.0000000026.9999999109.0000000075.',NULL),(76,'Operate Logs','2019-06-05 14:02:38','2019-08-05 11:52:25',69,'logs','fa fa-pencil-square-o','',1,2800,'GET','logs','',NULL,0,1,0,2,'.69.76.','.9999996999.0000000069.9999997199.0000000076.',NULL),(77,'View','2019-06-05 14:06:13','2019-08-05 11:52:25',76,'logs','fa fa-angle-double-right','',0,2790,'GET','logs_view','',NULL,0,1,0,3,'.69.76.77.','.9999996999.0000000069.9999997199.0000000076.9999997209.0000000077.',NULL),(78,'Delete','2019-06-05 14:08:23','2019-08-05 11:52:25',76,'logs','fa fa-angle-double-right','',0,2780,'DELETE','logs_del','',NULL,0,1,0,3,'.69.76.78.','.9999996999.0000000069.9999997199.0000000076.9999997219.0000000078.',NULL),(79,'List','2019-06-05 14:10:03','2019-08-05 11:52:25',76,'logs/list','fa fa-angle-double-right','',0,2770,'GET','logs_list','',NULL,0,1,0,3,'.69.76.79.','.9999996999.0000000069.9999997199.0000000076.9999997229.0000000079.',NULL),(80,'User Logs','2019-06-05 16:28:07','2019-08-05 11:52:25',67,'userlogs','fa fa-circle-o','',1,1800,'GET','userlogs','',NULL,0,1,0,2,'.67.80.','.9999997999.0000000067.9999998199.0000000080.',NULL),(81,'View','2019-06-05 16:30:20','2019-08-05 11:52:25',80,'logs/user','fa fa-angle-double-right','',0,1790,'GET','userlogs_view','',NULL,0,1,0,3,'.67.80.81.','.9999997999.0000000067.9999998199.0000000080.9999998209.0000000081.',NULL),(82,'Delete','2019-06-05 16:31:28','2019-08-05 11:52:25',80,'logs/user','fa fa-angle-double-right','',0,1780,'DELETE','userlogs_del','',NULL,0,1,0,3,'.67.80.82.','.9999997999.0000000067.9999998199.0000000080.9999998219.0000000082.',NULL),(83,'List','2019-06-05 16:32:16','2019-08-05 11:52:25',80,'logs/user/list','fa fa-angle-double-right','',0,1770,'GET','userlogs_list','',NULL,0,1,0,3,'.67.80.83.','.9999997999.0000000067.9999998199.0000000080.9999998229.0000000083.',NULL),(84,'Configs','2019-06-16 17:31:20','2019-08-05 11:52:25',69,'configs?module_name','fa fa-circle-o','',1,2700,'GET','configs','','{module_name:\'\'}',0,1,0,2,'.69.84.','.9999996999.0000000069.9999997299.0000000084.',NULL),(85,'View','2019-06-16 17:33:55','2019-08-05 11:52:25',84,'configs','fa fa-angle-double-right','',0,2690,'GET','configs_view','',NULL,0,1,0,3,'.69.84.85.','.9999996999.0000000069.9999997299.0000000084.9999997309.0000000085.',NULL),(86,'Add','2019-06-16 17:34:54','2019-08-05 11:52:25',84,'configs','fa fa-angle-double-right','',0,2680,'POST','configs_add','',NULL,0,1,0,3,'.69.84.86.','.9999996999.0000000069.9999997299.0000000084.9999997319.0000000086.',NULL),(87,'Edit','2019-06-16 17:35:44','2019-08-05 11:52:26',84,'configs','fa fa-angle-double-right','',0,2670,'PUT','configs_edit','',NULL,0,1,0,3,'.69.84.87.','.9999996999.0000000069.9999997299.0000000084.9999997329.0000000087.',NULL),(88,'List','2019-06-16 17:37:05','2019-08-05 11:52:26',84,'configs/list','fa fa-angle-double-right','',0,2650,'GET','configs_list','',NULL,0,1,0,3,'.69.84.88.','.9999996999.0000000069.9999997299.0000000084.9999997349.0000000088.',NULL),(89,'Delete','2019-06-16 17:37:58','2019-08-05 11:52:26',84,'configs','fa fa-angle-double-right','',0,2660,'DELETE','configs_del','',NULL,0,1,0,3,'.69.84.89.','.9999996999.0000000069.9999997299.0000000084.9999997339.0000000089.',NULL),(90,'User By Token','2019-06-23 09:46:09','2019-08-05 11:52:26',26,'admin/user_by_token','fa fa-angle-double-right','',0,830,'GET','user_by_token','all',NULL,0,1,0,3,'.25.26.90.','.9999998999.0000000025.9999999099.0000000026.9999999169.0000000090.',NULL),(91,'Upload','2019-06-23 11:29:09','2019-08-05 11:52:26',70,'attachments/upload','fa fa-angle-double-right','',0,2860,'POST','attachments_upload','all',NULL,0,1,0,3,'.69.70.91.','.9999996999.0000000069.9999997099.0000000070.9999997139.0000000091.',NULL),(92,'Update Avatar','2019-06-23 11:36:27','2019-08-05 11:52:26',70,'attachments/upload_avatar','fa fa-angle-double-right','',0,2850,'POST','attachments_upload_admin_avatar','all',NULL,0,1,0,3,'.69.70.92.','.9999996999.0000000069.9999997099.0000000070.9999997149.0000000092.',NULL),(93,'User Routes','2019-06-23 16:17:20','2019-08-05 11:52:26',28,'resources/routes','fa fa-angle-double-right','',0,630,'GET','resources_routes','all',NULL,0,1,0,3,'.25.28.93.','.9999998999.0000000025.9999999299.0000000028.9999999369.0000000093.',NULL),(94,'View','2019-06-24 18:08:01','2019-08-05 11:52:26',68,'profiles','fa fa-circle-o','',0,1890,'GET','user_profile_view','all',NULL,0,1,0,3,'.67.68.94.','.9999997999.0000000067.9999998099.0000000068.9999998109.0000000094.',NULL),(95,'List','2019-06-25 14:11:13','2019-08-05 11:52:26',28,'resources/list','fa fa-circle-o','',0,655,'GET','resources_list','all',NULL,0,1,0,3,'.25.28.95.','.9999998999.0000000025.9999999299.0000000028.9999999344.0000000095.',NULL),(104,'List','2019-06-27 12:03:26','2019-08-05 11:52:26',27,'roles/list','fa fa-circle-o',NULL,0,755,'GET','roles_list','all',NULL,0,1,0,3,'.25.27.104.','.9999998999.0000000025.9999999199.0000000027.9999999244.0000000104.',NULL),(106,'All RBAC','2019-06-28 13:52:53','2019-08-05 11:52:25',26,'admin/rbac','fa fa-circle-o',NULL,0,845,'POST','admin_all_rbac','all',NULL,0,1,0,3,'.25.26.106.','.9999998999.0000000025.9999999099.0000000026.9999999154.0000000106.',NULL),(107,'View','2019-06-30 15:16:27','2019-08-05 11:52:26',70,'attachments','fa fa-circle-o',NULL,0,2885,'GET','attachments_view','all',NULL,0,1,0,3,'.69.70.107.','.9999996999.0000000069.9999997099.0000000070.9999997114.0000000107.',NULL),(109,'Weight','2019-07-02 14:16:38','2019-08-05 11:52:26',28,'resources/weight','fa fa-angle-double-right',NULL,0,620,'GET','resources_weight','all',NULL,0,1,0,3,'.25.28.109.','.9999998999.0000000025.9999999299.0000000028.9999999379.0000000109.',NULL),(345,'CKeditor Brower Upload','2019-08-11 15:56:19','2019-08-11 15:56:19',70,'attachments/ckeditor_browser_upload','fa fa-circle-o',NULL,0,2840,'POST','attachments_ckeditor_browser_upload','all',NULL,0,1,0,3,'.69.70.345.','.9999996999.0000000069.9999997099.0000000070.9999997159.0000000345.',NULL),(381,'AI Learn','2019-08-23 15:59:09','2019-08-23 15:59:09',0,'ailearn','fa fa-adn',NULL,1,9000,'GET','ailearn','all',NULL,0,1,0,1,'.381.','.9999990999.0000000381.',NULL),(382,'IRIS','2019-08-23 16:36:55','2019-09-16 02:15:44',381,'iris','fa fa-circle-o',NULL,1,6900,'GET','iris','all',NULL,0,1,0,2,'.381.382.','.9999990999.0000000381.9999993099.0000000382.',NULL),(383,'View','2019-08-23 16:36:55','2019-09-16 02:15:44',382,'iris','fa fa-angle-double-right',NULL,0,6890,'GET','iris_view','all',NULL,0,1,0,3,'.381.382.383.','.9999990999.0000000381.9999993099.0000000382.9999993109.0000000383.',NULL),(384,'Add','2019-08-23 16:36:55','2019-09-16 02:15:44',382,'iris','fa fa-angle-double-right',NULL,0,6880,'POST','iris_add','all',NULL,0,1,0,3,'.381.382.384.','.9999990999.0000000381.9999993099.0000000382.9999993119.0000000384.',NULL),(385,'Edit','2019-08-23 16:36:55','2019-09-16 02:15:44',382,'iris','fa fa-angle-double-right',NULL,0,6870,'PUT','iris_edit','all',NULL,0,1,0,3,'.381.382.385.','.9999990999.0000000381.9999993099.0000000382.9999993129.0000000385.',NULL),(386,'Delete','2019-08-23 16:36:55','2019-09-16 02:15:44',382,'iris','fa fa-angle-double-right',NULL,0,6860,'DELETE','iris_del','all',NULL,0,1,0,3,'.381.382.386.','.9999990999.0000000381.9999993099.0000000382.9999993139.0000000386.',NULL),(387,'List','2019-08-23 16:36:55','2019-09-16 02:15:44',382,'iris/list','fa fa-angle-double-right',NULL,0,6850,'GET','iris_list','all',NULL,0,1,0,3,'.381.382.387.','.9999990999.0000000381.9999993099.0000000382.9999993149.0000000387.',NULL),(388,'Tree','2019-08-23 16:36:55','2019-09-16 02:15:44',382,'iris/menu','fa fa-angle-double-right',NULL,0,6840,'GET','iris_menu','all',NULL,0,1,0,3,'.381.382.388.','.9999990999.0000000381.9999993099.0000000382.9999993159.0000000388.',NULL),(390,'Order','2019-08-27 11:12:53','2019-08-27 11:12:53',28,'resources/reorder','fa fa-angle-double-right',NULL,0,610,'GET','resources_reorder','all',NULL,0,1,0,3,'.25.28.390.','.9999998999.0000000025.9999999299.0000000028.9999999389.0000000390.',NULL),(453,'Category','2019-09-10 22:13:22','2019-09-10 22:13:22',69,'category?articles_id','fa fa-circle-o',NULL,1,2600,'GET','category','all','{articles_id:0}',0,1,0,2,'.69.453.','.9999996999.0000000069.9999997399.0000000453.',NULL),(454,'View','2019-09-10 22:13:22','2019-09-10 22:13:22',453,'category','fa fa-angle-double-right',NULL,0,2590,'GET','category_view','all',NULL,0,1,0,3,'.69.453.454.','.9999996999.0000000069.9999997399.0000000453.9999997409.0000000454.',NULL),(455,'Add','2019-09-10 22:13:22','2019-09-10 22:13:22',453,'category','fa fa-angle-double-right',NULL,0,2580,'POST','category_add','all',NULL,0,1,0,3,'.69.453.455.','.9999996999.0000000069.9999997399.0000000453.9999997419.0000000455.',NULL),(456,'Edit','2019-09-10 22:13:22','2019-09-10 22:13:22',453,'category','fa fa-angle-double-right',NULL,0,2570,'PUT','category_edit','all',NULL,0,1,0,3,'.69.453.456.','.9999996999.0000000069.9999997399.0000000453.9999997429.0000000456.',NULL),(457,'Delete','2019-09-10 22:13:22','2019-09-10 22:13:22',453,'category','fa fa-angle-double-right',NULL,0,2560,'DELETE','category_del','all',NULL,0,1,0,3,'.69.453.457.','.9999996999.0000000069.9999997399.0000000453.9999997439.0000000457.',NULL),(458,'List','2019-09-10 22:13:22','2019-09-10 22:13:22',453,'category/list','fa fa-angle-double-right',NULL,0,2550,'GET','category_list','all',NULL,0,1,0,3,'.69.453.458.','.9999996999.0000000069.9999997399.0000000453.9999997449.0000000458.',NULL),(459,'Tree','2019-09-10 22:13:22','2019-09-10 22:13:22',453,'category/menu','fa fa-angle-double-right',NULL,0,2540,'GET','category_menu','all',NULL,0,1,0,3,'.69.453.459.','.9999996999.0000000069.9999997399.0000000453.9999997459.0000000459.',NULL),(460,'Add Relation','2019-09-10 22:13:22','2019-09-10 22:13:22',453,'category/articles','fa fa-angle-double-right',NULL,0,2530,'POST','category_add_articles','all',NULL,0,1,0,3,'.69.453.460.','.9999996999.0000000069.9999997399.0000000453.9999997469.0000000460.',NULL),(461,'Delete Relation','2019-09-10 22:13:22','2019-09-10 22:13:22',453,'category/articles','fa fa-angle-double-right',NULL,0,2520,'DELETE','category_del_articles','all',NULL,0,1,0,3,'.69.453.461.','.9999996999.0000000069.9999997399.0000000453.9999997479.0000000461.',NULL),(462,'Relation List','2019-09-10 22:13:22','2019-09-10 22:13:22',453,'category/list_articles','fa fa-angle-double-right',NULL,0,2510,'GET','category_list_articles','all',NULL,0,1,0,3,'.69.453.462.','.9999996999.0000000069.9999997399.0000000453.9999997489.0000000462.',NULL),(469,'Books List','2019-09-16 02:57:46','2019-09-16 02:57:46',453,'category/books_list','fa fa-angle-double-right',NULL,0,2545,'GET','category_books_list','all',NULL,0,1,0,3,'.69.453.469.','.9999996999.0000000069.9999997399.0000000453.9999997454.0000000469.',NULL),(472,'Books Menu','2019-09-16 14:53:45','2019-09-16 14:53:45',453,'category/books_menu','fa fa-angle-double-right',NULL,0,2538,'GET','category_books_menu','all',NULL,0,1,0,3,'.69.453.472.','.9999996999.0000000069.9999997399.0000000453.9999997461.0000000472.',NULL),(473,'News Menu','2019-09-16 14:55:03','2019-09-16 14:55:03',453,'category/news_menu','fa fa-angle-double-right',NULL,0,2536,'GET','category_news_menu','all',NULL,0,1,0,3,'.69.453.473.','.9999996999.0000000069.9999997399.0000000453.9999997463.0000000473.',NULL),(474,'News List','2019-09-16 15:13:12','2019-09-16 15:13:12',453,'category/news_list','fa fa-angle-double-right',NULL,0,2543,'GET','category_news_list','all',NULL,0,1,0,3,'.69.453.474.','.9999996999.0000000069.9999997399.0000000453.9999997456.0000000474.',NULL),(477,'Local Image URL','2019-09-20 12:06:28','2019-09-20 12:06:28',70,'attachments/local_imgurl','fa fa-angle-double-right',NULL,0,2830,'GET','attachments_local_imgurl','all',NULL,0,1,0,3,'.69.70.477.','.9999996999.0000000069.9999997099.0000000070.9999997169.0000000477.',NULL),(681,'Reorder','2019-11-14 02:10:45','2019-11-14 02:10:45',453,'category/reorder','fa fa-angle-double-right',NULL,0,2500,'GET','category_reorder','all',NULL,0,1,0,3,'.69.453.681.','.9999996999.0000000069.9999997399.0000000453.9999997499.0000000681.',NULL),(682,'Field List','2019-11-14 08:06:39','2019-11-14 08:06:39',453,'category/field_list','fa fa-angle-double-right',NULL,0,2490,'GET','category_field_list','all',NULL,0,1,0,3,'.69.453.682.','.9999996999.0000000069.9999997399.0000000453.9999997509.0000000682.',NULL),(691,'Notice','2019-11-30 01:52:28','2019-11-30 01:52:28',0,'notice','fa fa-bullhorn',NULL,1,3300,'GET','notice','all',NULL,0,1,0,1,'.691.','.9999996699.0000000691.',NULL),(699,'User Notice','2019-11-30 07:47:42','2019-11-30 07:47:42',67,'user_notice','fa fa-circle-o',NULL,1,1700,'GET','user_notice','all','',0,1,0,2,'.67.699.','.9999997999.0000000067.9999998299.0000000699.',NULL),(700,'Notice Content','2019-12-01 01:43:04','2019-12-01 01:43:04',691,'notice_content?admin_id','fa fa-circle-o',NULL,1,3100,'GET','notice_content','all','{admin_id:0}',0,1,0,2,'.691.700.','.9999996699.0000000691.9999996899.0000000700.',NULL),(701,'View','2019-12-01 01:43:04','2019-12-01 01:43:04',700,'notice_content','fa fa-angle-double-right',NULL,0,3090,'GET','notice_content_view','all',NULL,0,1,0,3,'.691.700.701.','.9999996699.0000000691.9999996899.0000000700.9999996909.0000000701.',NULL),(702,'Add','2019-12-01 01:43:04','2019-12-01 01:43:04',700,'notice_content','fa fa-angle-double-right',NULL,0,3080,'POST','notice_content_add','all',NULL,0,1,0,3,'.691.700.702.','.9999996699.0000000691.9999996899.0000000700.9999996919.0000000702.',NULL),(703,'Edit','2019-12-01 01:43:04','2019-12-01 01:43:04',700,'notice_content','fa fa-angle-double-right',NULL,0,3070,'PUT','notice_content_edit','all',NULL,0,1,0,3,'.691.700.703.','.9999996699.0000000691.9999996899.0000000700.9999996929.0000000703.',NULL),(704,'Delete','2019-12-01 01:43:04','2019-12-01 01:43:04',700,'notice_content','fa fa-angle-double-right',NULL,0,3060,'DELETE','notice_content_del','all',NULL,0,1,0,3,'.691.700.704.','.9999996699.0000000691.9999996899.0000000700.9999996939.0000000704.',NULL),(705,'List','2019-12-01 01:43:04','2019-12-01 01:43:04',700,'notice_content/list','fa fa-angle-double-right',NULL,0,3050,'GET','notice_content_list','all',NULL,0,1,0,3,'.691.700.705.','.9999996699.0000000691.9999996899.0000000700.9999996949.0000000705.',NULL),(706,'Tree','2019-12-01 01:43:04','2019-12-01 01:43:04',700,'notice_content/menu','fa fa-angle-double-right',NULL,0,3040,'GET','notice_content_menu','all',NULL,0,1,0,3,'.691.700.706.','.9999996699.0000000691.9999996899.0000000700.9999996959.0000000706.',NULL),(707,'Add Relation','2019-12-01 01:43:04','2019-12-01 01:43:04',700,'notice_content/admin','fa fa-angle-double-right',NULL,0,3030,'POST','notice_content_add_admin','all',NULL,0,1,0,3,'.691.700.707.','.9999996699.0000000691.9999996899.0000000700.9999996969.0000000707.',NULL),(708,'Delete Relation','2019-12-01 01:43:04','2019-12-01 01:43:04',700,'notice_content/admin','fa fa-angle-double-right',NULL,0,3020,'DELETE','notice_content_del_admin','all',NULL,0,1,0,3,'.691.700.708.','.9999996699.0000000691.9999996899.0000000700.9999996979.0000000708.',NULL),(709,'Relation List','2019-12-01 01:43:04','2019-12-01 01:43:04',700,'notice_content/list_admin','fa fa-angle-double-right',NULL,0,3010,'GET','notice_content_list_admin','all',NULL,0,1,0,3,'.691.700.709.','.9999996699.0000000691.9999996899.0000000700.9999996989.0000000709.',NULL),(710,'User Notice','2019-12-01 03:00:39','2019-12-01 03:00:39',700,'notice_content/listbyuid','fa fa-circle-o',NULL,0,3005,'GET','notice_content_listbyuid','all',NULL,0,1,0,3,'.691.700.710.','.9999996699.0000000691.9999996899.0000000700.9999996994.0000000710.',NULL),(711,'Read Status','2019-12-01 04:39:19','2019-12-01 04:39:19',700,'notice_content/read_edit','fa fa-circle-o',NULL,0,3003,'PUT','notice_content_read_edit','all',NULL,0,1,0,3,'.691.700.711.','.9999996699.0000000691.9999996899.0000000700.9999996996.0000000711.',NULL),(739,'Linear Predict','2020-01-07 08:45:08','2020-01-07 08:45:08',382,'iris/linear_predict','fa fa-circle-o',NULL,0,6830,'GET','iris_linear_predict','all',NULL,0,1,0,3,'.381.382.739.','.9999990999.0000000381.9999993099.0000000382.9999993169.0000000739.',NULL),(740,'Iris Figure','2020-01-07 14:00:59','2020-01-07 14:00:59',382,'iris/show','fa fa-circle-o',NULL,0,6820,'GET','iris_show','all',NULL,0,1,0,3,'.381.382.740.','.9999990999.0000000381.9999993099.0000000382.9999993179.0000000740.',NULL),(741,'Iris Classify Predict','2020-01-07 14:53:30','2020-01-07 14:53:30',382,'iris/classsify_predict','fa fa-circle-o',NULL,0,6825,'GET','iris_classify_predict','all',NULL,0,1,0,3,'.381.382.741.','.9999990999.0000000381.9999993099.0000000382.9999993174.0000000741.',NULL),(743,'Models','2020-02-06 15:06:31','2020-02-06 15:06:32',84,'configs/models','fa fa-circle-o',NULL,0,2640,'GET','configs_models','all',NULL,0,1,0,3,'.69.84.743.','.9999996999.0000000069.9999997299.0000000084.9999997359.0000000743.',NULL),(744,'Value','2020-02-06 16:27:37','2020-02-06 16:27:37',84,'configs/value','fa fa-circle-o',NULL,0,2630,'POST','configs_value','all',NULL,0,1,0,3,'.69.84.744.','.9999996999.0000000069.9999997299.0000000084.9999997369.0000000744.',NULL);
/*!40000 ALTER TABLE `ai_resources` ENABLE KEYS */;

#
# Structure for table "ai_roles"
#

DROP TABLE IF EXISTS `ai_roles`;
CREATE TABLE `ai_roles` (
  `id` int(11) NOT NULL AUTO_INCREMENT,
  `title` varchar(255) DEFAULT NULL,
  `created` datetime NOT NULL,
  `updated` datetime DEFAULT NULL,
  `pid` int(11) NOT NULL,
  `resources` text NOT NULL,
  `remark` varchar(255) DEFAULT NULL,
  `weight` int(11) NOT NULL,
  `lang` varchar(10) NOT NULL,
  `uid` int(11) NOT NULL,
  `status` tinyint(1) NOT NULL,
  `locked` tinyint(1) NOT NULL,
  `treegrade` int(11) DEFAULT NULL,
  `treepath` varchar(255) DEFAULT NULL,
  `treepathweight` varchar(255) DEFAULT NULL,
  PRIMARY KEY (`id`),
  KEY `ix_ai_roles_lang` (`lang`),
  KEY `ix_ai_roles_uid` (`uid`),
  KEY `ix_ai_roles_status` (`status`)
) ENGINE=MyISAM AUTO_INCREMENT=85 DEFAULT CHARSET=utf8;

#
# Data for table "ai_roles"
#

/*!40000 ALTER TABLE `ai_roles` DISABLE KEYS */;
INSERT INTO `ai_roles` VALUES (1,'Super Administrator','2019-04-24 13:43:30','2019-11-06 12:54:04',0,'381,382,383,384,385,386,387,388,739,741,740,691,700,701,702,703,704,705,706,707,708,709,710,711,69,70,107,72,73,74,71,91,92,345,477,76,77,78,79,84,85,86,87,89,88,743,744,453,454,455,456,457,458,469,474,459,472,473,460,461,462,681,682,67,68,94,80,81,82,83,699,25,26,75,38,39,40,37,61,106,62,90,27,33,34,35,36,104,65,28,29,30,31,32,95,41,66,93,109,390','',900,'',0,1,0,NULL,NULL,NULL),(2,'General Administrator','2019-04-29 03:24:17','2019-06-25 22:05:54',0,'691,700,701,702,703,704,705,706,707,708,709,710,711,92,67,68,94,80,81,82,83,699,75,39,61,90,93','',9999,'',0,1,0,NULL,NULL,NULL),(17,'Guest','2019-06-01 10:40:56','2019-08-04 09:08:23',0,'67,68,94,80,81,82,83,699','',111,'',0,1,0,NULL,NULL,NULL);
/*!40000 ALTER TABLE `ai_roles` ENABLE KEYS */;

#
# Structure for table "ai_rolesresources"
#

DROP TABLE IF EXISTS `ai_rolesresources`;
CREATE TABLE `ai_rolesresources` (
  `id` int(11) NOT NULL AUTO_INCREMENT,
  `title` varchar(255) DEFAULT NULL,
  `created` datetime NOT NULL,
  `updated` datetime DEFAULT NULL,
  `rid` int(11) NOT NULL,
  `reid` int(11) NOT NULL,
  `lang` varchar(10) NOT NULL,
  `uid` int(11) NOT NULL,
  `pid` int(11) NOT NULL,
  `weight` int(11) NOT NULL,
  `status` tinyint(1) NOT NULL,
  PRIMARY KEY (`id`),
  UNIQUE KEY `uix_roles_resources_rid_reid` (`rid`,`reid`),
  KEY `ix_ai_rolesresources_lang` (`lang`),
  KEY `ix_ai_rolesresources_uid` (`uid`),
  KEY `ix_ai_rolesresources_weight` (`weight`),
  KEY `ix_ai_rolesresources_status` (`status`)
) ENGINE=MyISAM AUTO_INCREMENT=29748 DEFAULT CHARSET=utf8;

#
# Data for table "ai_rolesresources"
#

/*!40000 ALTER TABLE `ai_rolesresources` DISABLE KEYS */;
INSERT INTO `ai_rolesresources` VALUES (29536,NULL,'2020-02-13 23:36:21',NULL,17,67,'all',0,0,0,1),(29537,NULL,'2020-02-13 23:36:21',NULL,17,68,'all',0,0,0,1),(29538,NULL,'2020-02-13 23:36:21',NULL,17,94,'all',0,0,0,1),(29539,NULL,'2020-02-13 23:36:21',NULL,17,80,'all',0,0,0,1),(29540,NULL,'2020-02-13 23:36:21',NULL,17,81,'all',0,0,0,1),(29541,NULL,'2020-02-13 23:36:21',NULL,17,82,'all',0,0,0,1),(29542,NULL,'2020-02-13 23:36:21',NULL,17,83,'all',0,0,0,1),(29543,NULL,'2020-02-13 23:36:21',NULL,17,699,'all',0,0,0,1),(29621,NULL,'2020-02-14 00:10:48',NULL,2,691,'all',0,0,0,1),(29622,NULL,'2020-02-14 00:10:48',NULL,2,700,'all',0,0,0,1),(29623,NULL,'2020-02-14 00:10:48',NULL,2,701,'all',0,0,0,1),(29624,NULL,'2020-02-14 00:10:49',NULL,2,702,'all',0,0,0,1),(29625,NULL,'2020-02-14 00:10:49',NULL,2,703,'all',0,0,0,1),(29626,NULL,'2020-02-14 00:10:49',NULL,2,704,'all',0,0,0,1),(29627,NULL,'2020-02-14 00:10:49',NULL,2,705,'all',0,0,0,1),(29628,NULL,'2020-02-14 00:10:49',NULL,2,706,'all',0,0,0,1),(29629,NULL,'2020-02-14 00:10:49',NULL,2,707,'all',0,0,0,1),(29630,NULL,'2020-02-14 00:10:49',NULL,2,708,'all',0,0,0,1),(29631,NULL,'2020-02-14 00:10:49',NULL,2,709,'all',0,0,0,1),(29632,NULL,'2020-02-14 00:10:49',NULL,2,710,'all',0,0,0,1),(29633,NULL,'2020-02-14 00:10:49',NULL,2,711,'all',0,0,0,1),(29634,NULL,'2020-02-14 00:10:49',NULL,2,92,'all',0,0,0,1),(29635,NULL,'2020-02-14 00:10:49',NULL,2,67,'all',0,0,0,1),(29636,NULL,'2020-02-14 00:10:49',NULL,2,68,'all',0,0,0,1),(29637,NULL,'2020-02-14 00:10:49',NULL,2,94,'all',0,0,0,1),(29638,NULL,'2020-02-14 00:10:49',NULL,2,80,'all',0,0,0,1),(29639,NULL,'2020-02-14 00:10:49',NULL,2,81,'all',0,0,0,1),(29640,NULL,'2020-02-14 00:10:49',NULL,2,82,'all',0,0,0,1),(29641,NULL,'2020-02-14 00:10:49',NULL,2,83,'all',0,0,0,1),(29642,NULL,'2020-02-14 00:10:49',NULL,2,699,'all',0,0,0,1),(29643,NULL,'2020-02-14 00:10:49',NULL,2,75,'all',0,0,0,1),(29644,NULL,'2020-02-14 00:10:49',NULL,2,39,'all',0,0,0,1),(29645,NULL,'2020-02-14 00:10:49',NULL,2,61,'all',0,0,0,1),(29646,NULL,'2020-02-14 00:10:49',NULL,2,90,'all',0,0,0,1),(29647,NULL,'2020-02-14 00:10:49',NULL,2,93,'all',0,0,0,1),(29648,NULL,'2020-02-14 10:24:52',NULL,1,381,'all',0,0,0,1),(29649,NULL,'2020-02-14 10:24:52',NULL,1,382,'all',0,0,0,1),(29650,NULL,'2020-02-14 10:24:52',NULL,1,383,'all',0,0,0,1),(29651,NULL,'2020-02-14 10:24:52',NULL,1,384,'all',0,0,0,1),(29652,NULL,'2020-02-14 10:24:52',NULL,1,385,'all',0,0,0,1),(29653,NULL,'2020-02-14 10:24:52',NULL,1,386,'all',0,0,0,1),(29654,NULL,'2020-02-14 10:24:52',NULL,1,387,'all',0,0,0,1),(29655,NULL,'2020-02-14 10:24:52',NULL,1,388,'all',0,0,0,1),(29656,NULL,'2020-02-14 10:24:52',NULL,1,739,'all',0,0,0,1),(29657,NULL,'2020-02-14 10:24:52',NULL,1,741,'all',0,0,0,1),(29658,NULL,'2020-02-14 10:24:52',NULL,1,740,'all',0,0,0,1),(29659,NULL,'2020-02-14 10:24:52',NULL,1,691,'all',0,0,0,1),(29660,NULL,'2020-02-14 10:24:52',NULL,1,700,'all',0,0,0,1),(29661,NULL,'2020-02-14 10:24:52',NULL,1,701,'all',0,0,0,1),(29662,NULL,'2020-02-14 10:24:52',NULL,1,702,'all',0,0,0,1),(29663,NULL,'2020-02-14 10:24:52',NULL,1,703,'all',0,0,0,1),(29664,NULL,'2020-02-14 10:24:52',NULL,1,704,'all',0,0,0,1),(29665,NULL,'2020-02-14 10:24:52',NULL,1,705,'all',0,0,0,1),(29666,NULL,'2020-02-14 10:24:52',NULL,1,706,'all',0,0,0,1),(29667,NULL,'2020-02-14 10:24:52',NULL,1,707,'all',0,0,0,1),(29668,NULL,'2020-02-14 10:24:52',NULL,1,708,'all',0,0,0,1),(29669,NULL,'2020-02-14 10:24:52',NULL,1,709,'all',0,0,0,1),(29670,NULL,'2020-02-14 10:24:52',NULL,1,710,'all',0,0,0,1),(29671,NULL,'2020-02-14 10:24:52',NULL,1,711,'all',0,0,0,1),(29672,NULL,'2020-02-14 10:24:52',NULL,1,69,'all',0,0,0,1),(29673,NULL,'2020-02-14 10:24:52',NULL,1,70,'all',0,0,0,1),(29674,NULL,'2020-02-14 10:24:52',NULL,1,107,'all',0,0,0,1),(29675,NULL,'2020-02-14 10:24:52',NULL,1,72,'all',0,0,0,1),(29676,NULL,'2020-02-14 10:24:52',NULL,1,73,'all',0,0,0,1),(29677,NULL,'2020-02-14 10:24:52',NULL,1,74,'all',0,0,0,1),(29678,NULL,'2020-02-14 10:24:52',NULL,1,71,'all',0,0,0,1),(29679,NULL,'2020-02-14 10:24:52',NULL,1,91,'all',0,0,0,1),(29680,NULL,'2020-02-14 10:24:52',NULL,1,92,'all',0,0,0,1),(29681,NULL,'2020-02-14 10:24:52',NULL,1,345,'all',0,0,0,1),(29682,NULL,'2020-02-14 10:24:52',NULL,1,477,'all',0,0,0,1),(29683,NULL,'2020-02-14 10:24:52',NULL,1,76,'all',0,0,0,1),(29684,NULL,'2020-02-14 10:24:52',NULL,1,77,'all',0,0,0,1),(29685,NULL,'2020-02-14 10:24:52',NULL,1,78,'all',0,0,0,1),(29686,NULL,'2020-02-14 10:24:52',NULL,1,79,'all',0,0,0,1),(29687,NULL,'2020-02-14 10:24:52',NULL,1,84,'all',0,0,0,1),(29688,NULL,'2020-02-14 10:24:52',NULL,1,85,'all',0,0,0,1),(29689,NULL,'2020-02-14 10:24:52',NULL,1,86,'all',0,0,0,1),(29690,NULL,'2020-02-14 10:24:52',NULL,1,87,'all',0,0,0,1),(29691,NULL,'2020-02-14 10:24:52',NULL,1,89,'all',0,0,0,1),(29692,NULL,'2020-02-14 10:24:52',NULL,1,88,'all',0,0,0,1),(29693,NULL,'2020-02-14 10:24:52',NULL,1,743,'all',0,0,0,1),(29694,NULL,'2020-02-14 10:24:52',NULL,1,744,'all',0,0,0,1),(29695,NULL,'2020-02-14 10:24:52',NULL,1,453,'all',0,0,0,1),(29696,NULL,'2020-02-14 10:24:52',NULL,1,454,'all',0,0,0,1),(29697,NULL,'2020-02-14 10:24:52',NULL,1,455,'all',0,0,0,1),(29698,NULL,'2020-02-14 10:24:52',NULL,1,456,'all',0,0,0,1),(29699,NULL,'2020-02-14 10:24:52',NULL,1,457,'all',0,0,0,1),(29700,NULL,'2020-02-14 10:24:52',NULL,1,458,'all',0,0,0,1),(29701,NULL,'2020-02-14 10:24:52',NULL,1,469,'all',0,0,0,1),(29702,NULL,'2020-02-14 10:24:52',NULL,1,474,'all',0,0,0,1),(29703,NULL,'2020-02-14 10:24:52',NULL,1,459,'all',0,0,0,1),(29704,NULL,'2020-02-14 10:24:52',NULL,1,472,'all',0,0,0,1),(29705,NULL,'2020-02-14 10:24:52',NULL,1,473,'all',0,0,0,1),(29706,NULL,'2020-02-14 10:24:52',NULL,1,460,'all',0,0,0,1),(29707,NULL,'2020-02-14 10:24:52',NULL,1,461,'all',0,0,0,1),(29708,NULL,'2020-02-14 10:24:52',NULL,1,462,'all',0,0,0,1),(29709,NULL,'2020-02-14 10:24:52',NULL,1,681,'all',0,0,0,1),(29710,NULL,'2020-02-14 10:24:52',NULL,1,682,'all',0,0,0,1),(29711,NULL,'2020-02-14 10:24:52',NULL,1,67,'all',0,0,0,1),(29712,NULL,'2020-02-14 10:24:52',NULL,1,68,'all',0,0,0,1),(29713,NULL,'2020-02-14 10:24:52',NULL,1,94,'all',0,0,0,1),(29714,NULL,'2020-02-14 10:24:52',NULL,1,80,'all',0,0,0,1),(29715,NULL,'2020-02-14 10:24:52',NULL,1,81,'all',0,0,0,1),(29716,NULL,'2020-02-14 10:24:52',NULL,1,82,'all',0,0,0,1),(29717,NULL,'2020-02-14 10:24:52',NULL,1,83,'all',0,0,0,1),(29718,NULL,'2020-02-14 10:24:52',NULL,1,699,'all',0,0,0,1),(29719,NULL,'2020-02-14 10:24:52',NULL,1,25,'all',0,0,0,1),(29720,NULL,'2020-02-14 10:24:52',NULL,1,26,'all',0,0,0,1),(29721,NULL,'2020-02-14 10:24:52',NULL,1,75,'all',0,0,0,1),(29722,NULL,'2020-02-14 10:24:52',NULL,1,38,'all',0,0,0,1),(29723,NULL,'2020-02-14 10:24:52',NULL,1,39,'all',0,0,0,1),(29724,NULL,'2020-02-14 10:24:52',NULL,1,40,'all',0,0,0,1),(29725,NULL,'2020-02-14 10:24:52',NULL,1,37,'all',0,0,0,1),(29726,NULL,'2020-02-14 10:24:52',NULL,1,61,'all',0,0,0,1),(29727,NULL,'2020-02-14 10:24:52',NULL,1,106,'all',0,0,0,1),(29728,NULL,'2020-02-14 10:24:52',NULL,1,62,'all',0,0,0,1),(29729,NULL,'2020-02-14 10:24:52',NULL,1,90,'all',0,0,0,1),(29730,NULL,'2020-02-14 10:24:52',NULL,1,27,'all',0,0,0,1),(29731,NULL,'2020-02-14 10:24:52',NULL,1,33,'all',0,0,0,1),(29732,NULL,'2020-02-14 10:24:52',NULL,1,34,'all',0,0,0,1),(29733,NULL,'2020-02-14 10:24:52',NULL,1,35,'all',0,0,0,1),(29734,NULL,'2020-02-14 10:24:52',NULL,1,36,'all',0,0,0,1),(29735,NULL,'2020-02-14 10:24:52',NULL,1,104,'all',0,0,0,1),(29736,NULL,'2020-02-14 10:24:52',NULL,1,65,'all',0,0,0,1),(29737,NULL,'2020-02-14 10:24:52',NULL,1,28,'all',0,0,0,1),(29738,NULL,'2020-02-14 10:24:52',NULL,1,29,'all',0,0,0,1),(29739,NULL,'2020-02-14 10:24:52',NULL,1,30,'all',0,0,0,1),(29740,NULL,'2020-02-14 10:24:52',NULL,1,31,'all',0,0,0,1),(29741,NULL,'2020-02-14 10:24:52',NULL,1,32,'all',0,0,0,1),(29742,NULL,'2020-02-14 10:24:52',NULL,1,95,'all',0,0,0,1),(29743,NULL,'2020-02-14 10:24:52',NULL,1,41,'all',0,0,0,1),(29744,NULL,'2020-02-14 10:24:52',NULL,1,66,'all',0,0,0,1),(29745,NULL,'2020-02-14 10:24:52',NULL,1,93,'all',0,0,0,1),(29746,NULL,'2020-02-14 10:24:52',NULL,1,109,'all',0,0,0,1),(29747,NULL,'2020-02-14 10:24:52',NULL,1,390,'all',0,0,0,1);
/*!40000 ALTER TABLE `ai_rolesresources` ENABLE KEYS */;

#
# Structure for table "alembic_version"
#

DROP TABLE IF EXISTS `alembic_version`;
CREATE TABLE `alembic_version` (
  `version_num` varchar(32) NOT NULL,
  PRIMARY KEY (`version_num`)
) ENGINE=MyISAM DEFAULT CHARSET=utf8;

#
# Data for table "alembic_version"
#

/*!40000 ALTER TABLE `alembic_version` DISABLE KEYS */;
/*!40000 ALTER TABLE `alembic_version` ENABLE KEYS */;
